Time,BPM,GSR,EmotionState
14:48:04,73,374,Relax
14:48:04,80,374,Relax
14:48:04,81,367,Relax
14:48:04,81,351,Relax
14:48:08,54,357,Relax
14:48:08,55,363,Relax
14:48:09,57,369,Relax
14:48:10,59,362,Relax
14:48:10,62,369,Relax
14:48:11,64,368,Relax
14:48:12,66,368,Relax
14:48:13,69,382,Relax
14:48:13,72,377,Relax
14:48:14,75,389,Relax
14:48:15,79,384,Relax
14:48:15,83,381,Relax
14:48:16,84,365,Relax
14:48:17,85,362,Relax
14:48:17,84,351,Relax
14:48:18,84,352,Relax
14:48:19,83,364,Relax
14:48:20,83,370,Relax
14:48:21,83,369,Relax
14:48:21,83,382,Relax
14:48:22,84,357,Relax
14:48:22,88,370,Relax
14:48:23,86,380,Relax
14:48:24,84,377,Relax
14:48:24,84,380,Relax
14:48:25,85,382,Relax
14:48:26,87,374,Relax
14:48:27,88,383,Relax
14:48:27,87,382,Relax
14:48:28,87,379,Relax
14:48:29,85,381,Relax
14:48:30,81,375,Relax
14:48:30,81,366,Relax
14:48:31,80,372,Relax
14:48:32,79,379,Relax
14:48:33,78,379,Relax
14:48:33,78,383,Relax
14:48:34,78,387,Relax
14:48:35,79,386,Relax
14:48:36,79,381,Relax
14:48:37,78,381,Relax
14:48:37,77,391,Relax
14:48:38,77,386,Relax
14:48:39,77,387,Relax
14:48:40,76,381,Relax
14:48:41,76,395,Relax
14:48:41,77,386,Relax
14:48:42,78,796,Relax
14:48:43,79,385,Relax
14:48:43,79,380,Relax
14:48:44,78,388,Relax
14:48:45,76,390,Relax
14:48:46,76,383,Relax
14:48:47,77,381,Relax
14:48:47,79,385,Relax
14:48:48,79,383,Relax
14:48:49,77,390,Relax
14:48:50,75,382,Relax
14:48:51,74,387,Relax
14:48:51,75,387,Relax
14:48:52,76,386,Relax
14:48:53,78,381,Relax
14:48:54,77,373,Relax
14:48:54,77,383,Relax
14:48:55,77,377,Relax
14:48:56,77,394,Relax
14:48:57,78,387,Relax
14:48:57,79,385,Relax
14:48:58,79,374,Relax
14:48:59,79,387,Relax
14:49:00,78,375,Relax
14:49:00,78,380,Relax
14:49:01,79,377,Relax
14:49:02,80,383,Relax
14:49:03,81,384,Relax
14:49:03,82,375,Relax
14:49:04,83,376,Relax
14:49:05,82,369,Happy
14:49:05,84,376,Happy
14:49:06,85,360,Happy
14:49:07,87,348,Happy
14:49:07,89,341,Happy
14:49:08,92,351,Happy
14:49:08,93,350,Happy
14:49:09,95,353,Happy
14:49:09,96,358,Happy
14:49:10,98,353,Happy
14:49:11,100,355,Happy
14:49:12,96,361,Happy
14:49:12,94,356,Happy
14:49:13,92,348,Happy
14:49:14,90,348,Happy
14:49:14,89,355,Happy
14:49:15,87,347,Happy
14:49:16,84,338,Happy
14:49:17,82,340,Happy
14:49:17,81,349,Happy
14:49:18,82,337,Happy
14:49:19,84,326,Happy
14:49:19,87,318,Happy
14:49:20,89,320,Happy
14:49:20,91,313,Happy
14:49:21,93,308,Happy
14:49:21,96,319,Happy
14:49:22,100,330,Happy
14:49:23,93,343,Happy
14:49:24,88,339,Happy
14:49:25,85,339,Happy
14:49:26,84,339,Happy
14:49:26,82,350,Happy
14:49:27,81,336,Happy
14:49:28,79,334,Happy
14:49:29,76,346,Happy
14:49:30,73,350,Happy
14:49:30,71,347,Happy
14:49:31,74,354,Happy
14:49:32,76,362,Happy
14:49:33,78,356,Happy
14:49:33,79,361,Happy
14:49:34,79,364,Happy
14:49:35,77,363,Happy
14:49:36,74,380,Happy
14:49:37,73,368,Happy
14:49:38,74,365,Happy
14:49:38,75,371,Happy
14:49:39,76,366,Happy
14:49:40,76,362,Happy
14:49:41,75,375,Happy
14:49:41,74,383,Happy
14:49:42,73,382,Happy
14:49:43,73,387,Happy
14:49:44,76,391,Happy
14:49:45,78,389,Happy
14:49:45,77,388,Happy
14:49:46,78,393,Happy
14:49:47,79,393,Happy
14:49:47,80,402,Happy
14:49:48,81,409,Happy
14:49:49,83,381,Happy
14:49:49,84,375,Happy
14:49:50,85,378,Happy
14:49:51,86,377,Happy
14:49:52,85,367,Happy
14:49:52,84,375,Happy
14:49:53,83,372,Happy
14:49:54,81,381,Happy
14:49:55,81,371,Happy
14:49:55,80,374,Happy
14:49:56,79,377,Happy
14:49:57,79,380,Happy
14:49:58,80,384,Happy
14:49:58,80,383,Happy
14:49:59,81,392,Happy
14:50:00,82,392,Happy
14:50:00,83,393,Happy
14:50:01,85,394,Happy
14:50:02,85,400,Happy
14:50:02,86,389,Happy
14:50:03,88,398,Happy
14:50:04,89,392,Happy
14:50:05,84,394,Happy
14:50:05,83,391,Happy
14:50:06,84,397,Happy
14:50:07,84,395,Relax
14:50:07,87,388,Relax
14:50:08,92,395,Relax
14:50:08,93,399,Relax
14:50:09,93,396,Relax
14:50:09,92,401,Relax
14:50:10,91,399,Relax
14:50:11,96,403,Relax
14:50:12,97,407,Relax
14:50:12,97,406,Relax
14:50:13,96,407,Relax
14:50:14,91,394,Relax
14:50:15,83,401,Relax
14:50:15,81,403,Relax
14:50:16,80,402,Relax
14:50:17,80,406,Relax
14:50:18,80,406,Relax
14:50:18,80,411,Relax
14:50:19,81,398,Relax
14:50:20,80,404,Relax
14:50:20,81,395,Relax
14:50:21,82,385,Relax
14:50:22,84,394,Relax
14:50:23,84,404,Relax
14:50:23,83,401,Relax
14:50:24,82,393,Relax
14:50:25,82,399,Relax
14:50:26,81,399,Relax
14:50:26,80,401,Relax
14:50:27,80,393,Relax
14:50:28,80,410,Relax
14:50:29,80,395,Relax
14:50:29,80,393,Relax
14:50:30,80,408,Relax
14:50:31,80,404,Relax
14:50:32,79,396,Relax
14:50:32,79,407,Relax
14:50:33,80,403,Relax
14:50:34,80,395,Relax
14:50:35,81,385,Relax
14:50:35,82,380,Relax
14:50:36,82,372,Relax
14:50:37,81,357,Relax
14:50:37,82,356,Relax
14:50:38,82,362,Relax
14:50:39,81,367,Relax
14:50:40,80,363,Relax
14:50:41,79,360,Relax
14:50:41,79,362,Relax
14:50:42,79,373,Relax
14:50:43,78,368,Relax
14:50:44,79,379,Relax
14:50:44,79,377,Relax
14:50:45,79,375,Relax
14:50:46,79,386,Relax
14:50:46,82,384,Relax
14:50:47,83,384,Relax
14:50:48,84,376,Relax
14:50:48,85,358,Relax
14:50:49,86,359,Relax
14:50:50,86,369,Relax
14:50:50,86,364,Relax
14:50:51,86,356,Relax
14:50:52,87,358,Relax
14:50:52,89,354,Relax
14:50:53,88,353,Relax
14:50:54,88,358,Relax
14:50:55,87,359,Happy
14:50:55,90,357,Happy
14:50:55,96,362,Happy
14:50:56,97,370,Happy
14:50:57,99,372,Happy
14:50:57,99,364,Happy
14:50:58,100,355,Happy
14:50:58,101,352,Happy
14:50:59,104,359,Happy
14:51:00,106,366,Happy
14:51:00,109,361,Happy
14:51:01,106,355,Happy
14:51:01,101,347,Happy
14:51:02,101,361,Happy
14:51:02,101,360,Happy
14:51:03,101,351,Happy
14:51:04,99,355,Happy
14:51:04,97,356,Happy
14:51:05,96,364,Happy
14:51:06,94,361,Happy
14:51:07,92,351,Happy
14:51:07,91,349,Happy
14:51:08,89,353,Happy
14:51:09,87,358,Happy
14:51:09,86,360,Happy
14:51:10,86,366,Happy
14:51:11,87,371,Happy
14:51:11,87,358,Happy
14:51:12,87,359,Happy
14:51:13,87,359,Happy
14:51:13,88,365,Happy
14:51:14,88,359,Happy
14:51:15,89,367,Happy
14:51:16,86,373,Happy
14:51:16,86,371,Happy
14:51:17,86,367,Relax
14:51:17,88,358,Relax
14:51:18,94,382,Relax
14:51:18,95,377,Relax
14:51:19,95,373,Relax
14:51:20,94,364,Relax
14:51:20,93,355,Relax
14:51:21,93,351,Relax
14:51:22,94,364,Relax
14:51:23,96,409,Relax
14:51:23,97,352,Relax
14:51:24,95,350,Relax
14:51:24,90,340,Relax
14:51:25,85,335,Relax
14:51:26,81,334,Relax
14:51:27,80,335,Relax
14:51:28,79,340,Relax
14:51:29,78,346,Relax
14:51:30,78,347,Relax
14:51:30,80,347,Relax
14:51:30,84,347,Relax
14:51:31,88,342,Relax
14:51:31,91,343,Relax
14:51:32,95,348,Relax
14:51:32,104,345,Relax
14:51:32,116,350,Relax
14:51:33,120,356,Relax
14:51:34,124,352,Relax
14:51:34,125,354,Relax
14:51:35,118,350,Relax
14:51:36,106,347,Relax
14:51:37,98,354,Relax
14:51:37,93,360,Relax
14:51:38,92,363,Relax
14:51:39,89,368,Relax
14:51:40,84,371,Relax
14:51:40,82,359,Relax
14:51:41,81,358,Relax
14:51:42,80,365,Relax
14:51:42,81,360,Relax
14:51:43,83,367,Relax
14:51:44,84,366,Relax
14:51:45,82,362,Relax
14:51:45,82,368,Relax
14:51:46,82,374,Relax
14:51:47,82,376,Relax
14:51:48,83,378,Relax
14:51:48,82,380,Relax
14:51:49,82,376,Relax
14:51:50,80,378,Relax
14:51:51,80,379,Relax
14:51:51,80,381,Relax
14:51:52,81,381,Relax
14:51:53,81,384,Relax
14:51:54,80,389,Relax
14:51:54,79,388,Relax
14:51:55,79,388,Relax
14:51:56,79,391,Relax
14:51:57,79,390,Relax
14:51:58,78,386,Relax
14:51:58,77,390,Relax
14:51:59,78,390,Relax
14:52:00,78,399,Relax
14:52:00,80,394,Relax
14:52:01,81,394,Relax
14:52:02,82,387,Relax
14:52:02,84,374,Relax
14:52:03,86,377,Relax
14:52:03,88,365,Relax
14:52:04,90,364,Relax
14:52:05,89,363,Relax
14:52:06,88,365,Relax
14:52:07,86,362,Relax
14:52:08,83,372,Relax
14:52:08,81,373,Relax
14:52:09,80,384,Relax
14:52:10,79,375,Relax
14:52:10,78,378,Relax
14:52:11,77,382,Relax
14:52:12,78,379,Relax
14:52:13,78,378,Relax
14:52:13,78,372,Relax
14:52:14,77,374,Relax
14:52:15,77,384,Relax
14:52:16,78,387,Relax
14:52:17,79,389,Relax
14:52:17,82,369,Happy
14:52:17,87,366,Happy
14:52:18,89,350,Happy
14:52:18,91,349,Happy
14:52:19,93,349,Happy
14:52:20,96,356,Happy
14:52:20,103,351,Happy
14:52:21,108,355,Happy
14:52:22,109,365,Happy
14:52:22,106,378,Happy
14:52:23,101,384,Happy
14:52:24,94,394,Happy
14:52:24,95,378,Happy
14:52:25,97,382,Happy
14:52:25,102,386,Happy
14:52:25,106,375,Happy
14:52:26,112,374,Happy
14:52:26,120,359,Happy
14:52:26,131,360,Happy
14:52:26,147,364,Happy
14:52:27,165,377,Happy
14:52:27,171,380,Happy
14:52:28,170,377,Happy
14:52:28,165,369,Happy
14:52:29,154,364,Happy
14:52:29,143,371,Happy
14:52:30,132,376,Happy
14:52:31,119,369,Happy
14:52:32,109,370,Happy
14:52:32,102,374,Happy
14:52:33,95,375,Happy
14:52:34,91,379,Relax
14:52:34,92,381,Relax
14:52:34,96,380,Relax
14:52:35,99,392,Relax
14:52:36,98,393,Relax
14:52:36,98,391,Relax
14:52:37,98,398,Relax
14:52:38,97,411,Relax
14:52:39,96,410,Relax
14:52:39,95,409,Relax
14:52:40,97,404,Relax
14:52:41,94,405,Relax
14:52:41,87,413,Relax
14:52:42,82,414,Relax
14:52:43,83,402,Relax
14:52:43,87,416,Relax
14:52:44,87,422,Relax
14:52:45,87,419,Relax
14:52:45,88,430,Relax
14:52:46,86,431,Relax
14:52:47,85,426,Relax
14:52:48,85,434,Relax
14:52:48,86,431,Relax
14:52:49,87,431,Relax
14:52:50,85,426,Relax
14:52:50,84,426,Happy
14:52:50,90,425,Happy
14:52:51,92,419,Happy
14:52:52,93,410,Happy
14:52:52,96,414,Happy
14:52:53,98,413,Happy
14:52:54,101,427,Happy
14:52:54,103,419,Happy
14:52:55,106,415,Happy
14:52:55,109,412,Happy
14:52:56,108,401,Happy
14:52:56,108,400,Happy
14:52:56,114,417,Happy
14:52:57,121,406,Happy
14:52:57,132,416,Happy
14:52:57,133,420,Happy
14:52:58,133,409,Happy
14:52:59,135,410,Happy
14:52:59,134,405,Happy
14:53:00,134,418,Happy
14:53:00,129,416,Happy
14:53:01,126,402,Happy
14:53:01,127,414,Happy
14:53:02,119,418,Happy
14:53:02,111,420,Happy
14:53:03,110,416,Happy
14:53:03,110,422,Happy
14:53:04,108,428,Happy
14:53:05,108,427,Happy
14:53:05,107,425,Happy
14:53:06,108,430,Happy
14:53:06,104,433,Happy
14:53:07,99,434,Happy
14:53:08,100,430,Happy
14:53:08,100,434,Happy
14:53:09,98,424,Happy
14:53:10,97,435,Happy
14:53:10,95,441,Happy
14:53:11,94,430,Happy
14:53:12,97,429,Relax
14:53:12,100,445,Relax
14:53:12,99,441,Relax
14:53:13,98,437,Relax
14:53:14,98,440,Relax
14:53:14,97,447,Relax
14:53:15,95,439,Relax
14:53:16,93,437,Relax
14:53:17,92,446,Relax
14:53:18,88,451,Relax
14:53:19,82,447,Relax
14:53:20,77,446,Relax
14:53:20,76,447,Relax
14:53:21,75,433,Relax
14:53:22,75,436,Relax
14:53:23,73,438,Relax
14:53:24,72,451,Relax
14:53:25,71,444,Relax
14:53:25,70,442,Relax
14:53:26,71,435,Relax
14:53:27,70,441,Relax
14:53:28,70,438,Relax
14:53:29,71,452,Relax
14:53:30,71,445,Relax
14:53:30,71,442,Relax
14:53:31,72,433,Relax
14:53:32,74,434,Relax
14:53:32,77,441,Relax
14:53:33,79,441,Relax
14:53:34,80,449,Relax
14:53:35,81,447,Relax
14:53:35,81,448,Relax
14:53:36,82,446,Relax
14:53:37,81,441,Relax
14:53:37,81,444,Relax
14:53:38,83,442,Relax
14:53:39,85,447,Relax
14:53:39,85,454,Relax
14:53:40,81,449,Relax
14:53:41,78,458,Relax
14:53:42,79,450,Relax
14:53:43,81,445,Relax
14:53:44,81,436,Relax
14:53:44,80,441,Relax
14:53:45,79,445,Relax
14:53:46,78,450,Relax
14:53:46,77,454,Relax
14:53:47,76,452,Relax
14:53:48,79,449,Relax
14:53:49,80,448,Relax
14:53:50,80,445,Relax
14:53:50,79,454,Relax
14:53:51,79,451,Relax
14:53:52,79,442,Relax
14:53:53,80,447,Relax
14:53:53,80,444,Relax
14:53:54,80,447,Relax
14:53:55,80,449,Relax
14:53:56,78,448,Relax
14:53:56,79,453,Relax
14:53:57,80,453,Relax
14:53:58,80,448,Relax
14:53:59,79,453,Relax
14:53:59,78,452,Relax
14:54:00,77,456,Relax
14:54:01,75,455,Relax
14:54:02,75,460,Relax
14:54:02,78,459,Happy
14:54:03,86,456,Happy
14:54:03,87,442,Happy
14:54:04,89,435,Happy
14:54:04,91,431,Happy
14:54:05,94,438,Happy
14:54:06,98,434,Happy
14:54:06,107,429,Happy
14:54:06,119,444,Happy
14:54:06,129,434,Happy
14:54:07,135,435,Happy
14:54:07,126,435,Happy
14:54:08,129,431,Happy
14:54:08,137,424,Happy
14:54:08,149,430,Happy
14:54:09,153,428,Happy
14:54:09,155,427,Happy
14:54:10,146,417,Happy
14:54:11,137,423,Relax
14:54:11,136,412,Relax
14:54:11,136,417,Relax
14:54:12,140,416,Relax
14:54:12,139,424,Relax
14:54:13,129,414,Relax
14:54:14,108,427,Relax
14:54:15,100,423,Relax
14:54:16,95,423,Relax
14:54:17,91,432,Relax
14:54:17,88,430,Relax
14:54:18,84,434,Relax
14:54:19,79,436,Relax
14:54:19,77,435,Relax
14:54:20,75,438,Relax
14:54:21,73,439,Relax
14:54:22,77,436,Relax
14:54:22,79,432,Relax
14:54:23,80,446,Relax
14:54:24,79,441,Relax
14:54:25,77,908,Relax
14:54:26,76,440,Relax
14:54:27,75,446,Relax
14:54:28,73,441,Relax
14:54:28,72,440,Relax
14:54:29,72,446,Relax
14:54:30,72,439,Relax
14:54:31,71,433,Relax
14:54:32,70,435,Relax
14:54:33,71,436,Relax
14:54:33,73,427,Happy
14:54:34,77,415,Happy
14:54:34,83,419,Happy
14:54:35,85,416,Happy
14:54:35,89,411,Happy
14:54:36,93,407,Happy
14:54:36,95,406,Happy
14:54:37,99,404,Happy
14:54:37,110,402,Happy
14:54:37,122,414,Happy
14:54:38,126,413,Happy
14:54:39,121,416,Happy
14:54:39,113,405,Happy
14:54:40,114,398,Happy
14:54:40,115,390,Happy
14:54:41,114,400,Happy
14:54:42,114,402,Happy
14:54:42,114,406,Happy
14:54:43,113,397,Happy
14:54:43,113,405,Happy
14:54:43,114,409,Happy
14:54:44,114,407,Happy
14:54:44,115,396,Happy
14:54:45,116,398,Happy
14:54:45,119,394,Happy
14:54:46,130,402,Happy
14:54:46,132,388,Happy
14:54:46,139,383,Happy
14:54:47,143,390,Happy
14:54:47,133,395,Happy
14:54:48,131,394,Happy
14:54:48,132,407,Happy
14:54:49,139,396,Happy
14:54:49,134,402,Happy
14:54:50,131,399,Happy
14:54:50,125,392,Happy
14:54:51,125,396,Happy
14:54:51,125,387,Happy
14:54:51,125,399,Happy
14:54:52,124,405,Happy
14:54:53,119,402,Happy
14:54:54,117,404,Happy
14:54:54,112,404,Happy
14:54:55,114,402,Happy
14:54:55,110,396,Happy
14:54:56,106,395,Happy
14:54:57,103,404,Happy
14:54:57,98,409,Happy
14:54:58,92,408,Happy
14:54:59,91,404,Happy
14:54:59,92,402,Happy
14:55:00,91,408,Happy
14:55:01,90,405,Happy
14:55:01,88,409,Happy
14:55:02,86,413,Happy
14:55:03,86,410,Happy
14:55:04,85,416,Happy
14:55:04,84,415,Happy
14:55:05,87,426,Relax
14:55:05,91,428,Relax
14:55:06,92,426,Relax
14:55:07,92,416,Relax
14:55:07,91,414,Relax
14:55:08,93,409,Relax
14:55:08,96,400,Relax
14:55:09,99,406,Relax
14:55:10,98,404,Relax
14:55:11,96,405,Relax
14:55:11,92,409,Relax
14:55:12,87,416,Relax
14:55:13,86,412,Relax
14:55:13,87,404,Relax
14:55:14,87,413,Relax
14:55:15,86,415,Relax
14:55:16,85,414,Relax
14:55:16,82,412,Relax
14:55:17,83,415,Relax
14:55:18,85,416,Relax
14:55:18,84,410,Relax
14:55:19,84,409,Relax
14:55:20,82,417,Relax
14:55:21,80,408,Relax
14:55:22,79,421,Relax
14:55:22,79,424,Relax
14:55:23,78,432,Relax
14:55:24,77,426,Relax
14:55:25,75,430,Relax
14:55:26,73,428,Relax
14:55:26,74,429,Relax
14:55:27,75,434,Relax
14:55:28,76,434,Relax
14:55:29,74,418,Relax
14:55:30,72,421,Relax
14:55:31,71,427,Relax
14:55:31,72,435,Relax
14:55:32,75,436,Relax
14:55:33,75,430,Relax
14:55:34,72,426,Relax
14:55:35,70,435,Relax
14:55:36,68,437,Relax
14:55:37,67,438,Relax
14:55:38,68,442,Relax
14:55:39,69,440,Relax
14:55:39,69,435,Relax
14:55:40,69,431,Relax
14:55:41,67,416,Relax
14:55:42,67,427,Relax
14:55:43,68,433,Relax
14:55:44,68,437,Relax
14:55:44,70,432,Relax
14:55:45,71,469,Relax
14:55:46,72,529,Relax
14:55:47,72,500,Relax
14:55:48,72,457,Relax
14:55:49,71,450,Relax
14:55:49,71,501,Relax
14:55:50,73,545,Relax
14:55:51,76,465,Relax
14:55:52,76,427,Relax
14:55:52,76,427,Relax
14:55:53,76,432,Relax
14:55:54,76,512,Relax
14:55:55,77,542,Relax
14:55:55,78,488,Relax
14:55:56,78,441,Relax
14:55:57,78,434,Relax
14:55:58,78,436,Relax
14:55:58,79,441,Relax
14:55:59,81,537,Relax
14:56:00,82,517,Relax
14:56:01,80,474,Relax
14:56:01,78,434,Relax
14:56:02,78,437,Relax
14:56:03,78,445,Relax
14:56:04,79,457,Relax
14:56:04,80,477,Relax
14:56:05,80,445,Relax
14:56:06,79,435,Relax
14:56:07,78,435,Relax
14:56:07,78,442,Relax
14:56:08,80,430,Relax
14:56:09,82,433,Relax
14:56:09,84,443,Relax
14:56:10,83,438,Relax
14:56:11,83,441,Relax
14:56:12,83,441,Relax
14:56:12,83,441,Relax
14:56:13,85,443,Relax
14:56:14,86,428,Relax
14:56:14,87,430,Relax
14:56:15,87,424,Relax
14:56:16,86,441,Relax
14:56:17,83,445,Relax
14:56:17,84,438,Relax
14:56:18,83,447,Relax
14:56:19,83,441,Relax
14:56:20,82,440,Relax
14:56:20,81,440,Relax
14:56:21,80,442,Relax
14:56:22,80,443,Relax
14:56:22,80,446,Relax
14:56:23,82,439,Relax
14:56:24,84,433,Relax
14:56:24,84,429,Relax
14:56:25,85,424,Relax
14:56:26,86,431,Relax
14:56:26,88,436,Relax
14:56:27,89,419,Relax
14:56:28,90,417,Relax
14:56:28,91,420,Relax
14:56:29,91,424,Relax
14:56:29,91,419,Relax
14:56:30,92,430,Relax
14:56:31,93,427,Relax
14:56:32,93,435,Relax
14:56:32,92,680,Relax
14:56:33,90,428,Relax
14:56:34,89,427,Relax
14:56:34,87,422,Relax
14:56:35,86,430,Relax
14:56:36,85,423,Relax
14:56:36,85,425,Relax
14:56:37,86,432,Relax
14:56:38,85,424,Relax
14:56:39,85,431,Relax
14:56:39,86,432,Relax
14:56:40,87,438,Relax
14:56:41,88,431,Relax
14:56:41,88,432,Relax
14:56:42,88,430,Relax
14:56:43,88,433,Relax
14:56:43,86,439,Relax
14:56:44,86,430,Relax
14:56:45,87,412,Relax
14:56:45,88,411,Relax
14:56:46,88,408,Relax
14:56:47,89,418,Relax
14:56:47,90,428,Relax
14:56:48,92,424,Relax
14:56:48,94,435,Relax
14:56:49,94,427,Relax
14:56:50,96,436,Relax
14:56:50,96,429,Relax
14:56:51,96,434,Relax
14:56:52,94,429,Relax
14:56:52,93,435,Relax
14:56:53,93,425,Relax
14:56:54,92,433,Relax
14:56:54,91,433,Relax
14:56:55,89,440,Relax
14:56:56,87,440,Relax
14:56:57,86,435,Relax
14:56:57,86,436,Relax
14:56:58,86,441,Relax
14:56:59,87,438,Relax
14:56:59,86,437,Relax
14:57:00,84,437,Relax
14:57:01,84,427,Relax
14:57:02,83,438,Relax
14:57:02,82,436,Relax
14:57:03,82,442,Relax
14:57:04,81,437,Relax
14:57:05,80,439,Relax
14:57:05,80,438,Relax
14:57:06,80,437,Relax
14:57:07,80,439,Relax
14:57:08,80,442,Relax
14:57:08,80,444,Relax
14:57:09,80,439,Relax
14:57:10,80,448,Relax
14:57:11,81,442,Relax
14:57:11,81,443,Relax
14:57:12,82,448,Relax
14:57:13,82,451,Relax
14:57:13,82,456,Relax
14:57:14,83,457,Relax
14:57:15,84,450,Relax
14:57:15,84,446,Relax
14:57:16,84,436,Relax
14:57:17,84,432,Relax
14:57:18,84,432,Relax
14:57:18,84,425,Relax
14:57:19,84,420,Relax
14:57:20,83,428,Relax
14:57:21,83,426,Relax
14:57:21,84,431,Relax
14:57:22,84,433,Relax
14:57:22,88,422,Relax
14:57:22,94,434,Relax
14:57:23,94,422,Relax
14:57:24,92,426,Relax
14:57:25,91,425,Relax
14:57:26,90,434,Relax
14:57:27,89,430,Relax
14:57:27,87,422,Relax
14:57:28,85,433,Relax
14:57:29,83,434,Relax
14:57:30,78,426,Relax
14:57:31,74,425,Relax
14:57:31,74,433,Relax
14:57:32,77,431,Relax
14:57:33,76,442,Relax
14:57:34,76,438,Relax
14:57:35,75,433,Relax
14:57:35,76,436,Relax
14:57:36,77,437,Relax
14:57:37,77,436,Relax
14:57:38,77,433,Relax
14:57:38,76,436,Relax
14:57:39,75,439,Relax
14:57:40,75,438,Relax
14:57:41,75,438,Relax
14:57:41,76,440,Relax
14:57:42,78,436,Relax
14:57:43,78,435,Relax
14:57:44,78,439,Relax
14:57:44,78,436,Relax
14:57:45,78,441,Relax
14:57:46,79,438,Relax
14:57:47,79,438,Relax
14:57:47,79,441,Relax
14:57:48,79,433,Relax
14:57:49,79,435,Relax
14:57:50,80,437,Relax
14:57:50,80,436,Relax
14:57:51,80,436,Relax
14:57:52,80,434,Relax
14:57:53,80,435,Relax
14:57:53,81,436,Relax
14:57:54,81,891,Relax
14:57:55,81,440,Relax
14:57:55,82,433,Relax
14:57:56,81,438,Relax
14:57:57,81,438,Relax
14:57:58,81,436,Relax
14:57:58,81,437,Relax
14:57:59,82,433,Relax
14:58:00,82,433,Relax
14:58:01,82,433,Relax
14:58:01,82,431,Relax
14:58:02,82,425,Relax
14:58:03,81,431,Relax
14:58:04,82,423,Relax
14:58:04,83,436,Relax
14:58:05,83,433,Relax
14:58:06,83,432,Relax
14:58:06,83,435,Relax
14:58:07,83,426,Relax
14:58:08,82,429,Relax
14:58:09,81,418,Relax
14:58:09,81,416,Relax
14:58:10,82,409,Relax
14:58:11,82,415,Relax
14:58:11,83,413,Relax
14:58:12,83,418,Relax
14:58:13,83,419,Relax
14:58:14,80,416,Relax
14:58:15,78,420,Relax
14:58:15,79,425,Relax
14:58:16,80,427,Relax
14:58:17,81,420,Relax
14:58:18,80,426,Relax
14:58:18,78,418,Relax
14:58:19,77,420,Relax
14:58:20,77,425,Relax
14:58:21,77,419,Relax
14:58:21,79,419,Relax
14:58:22,80,417,Relax
14:58:23,79,428,Relax
14:58:24,79,419,Relax
14:58:24,78,424,Relax
14:58:25,79,426,Relax
14:58:26,83,412,Relax
14:58:26,87,432,Relax
14:58:27,86,431,Relax
14:58:28,86,430,Relax
14:58:28,88,428,Relax
14:58:29,89,436,Relax
14:58:30,90,433,Relax
14:58:30,89,423,Relax
14:58:31,88,426,Relax
14:58:32,88,425,Relax
14:58:33,85,427,Relax
14:58:33,85,411,Relax
14:58:33,91,428,Relax
14:58:34,90,426,Relax
14:58:35,88,428,Relax
14:58:36,87,425,Relax
14:58:36,88,429,Relax
14:58:37,88,430,Relax
14:58:38,89,428,Relax
14:58:39,88,430,Relax
14:58:40,86,426,Relax
14:58:40,83,424,Relax
14:58:41,79,427,Relax
14:58:42,80,430,Relax
14:58:42,80,431,Relax
14:58:43,79,428,Relax
14:58:44,77,429,Relax
14:58:45,77,429,Relax
14:58:46,77,426,Relax
14:58:47,77,428,Relax
14:58:47,77,420,Relax
14:58:48,77,423,Relax
14:58:49,77,429,Relax
14:58:49,78,429,Relax
14:58:50,78,416,Relax
14:58:51,79,417,Relax
14:58:52,80,421,Relax
14:58:52,80,415,Relax
14:58:53,81,416,Relax
14:58:54,82,425,Relax
14:58:55,83,422,Relax
14:58:55,84,414,Relax
14:58:56,83,411,Relax
14:58:57,81,410,Relax
14:58:57,81,410,Relax
14:58:58,82,418,Relax
14:58:59,83,410,Relax
14:59:00,84,414,Relax
14:59:00,84,414,Relax
14:59:01,83,412,Relax
14:59:02,82,413,Relax
14:59:02,82,408,Relax
14:59:03,83,418,Relax
14:59:04,84,414,Relax
14:59:05,82,412,Relax
14:59:06,81,418,Relax
14:59:06,81,413,Relax
14:59:07,81,419,Relax
14:59:08,81,418,Relax
14:59:08,81,411,Relax
14:59:09,81,407,Relax
14:59:10,81,406,Relax
14:59:10,82,410,Relax
14:59:11,84,392,Relax
14:59:12,87,393,Relax
14:59:12,90,390,Relax
14:59:13,92,382,Relax
14:59:13,94,376,Relax
14:59:14,89,374,Relax
14:59:15,87,367,Relax
14:59:16,87,369,Relax
14:59:17,88,366,Relax
14:59:17,88,365,Relax
14:59:18,87,361,Relax
14:59:19,86,357,Relax
14:59:19,84,364,Relax
14:59:20,84,361,Relax
14:59:21,81,371,Relax
14:59:21,86,378,Relax
14:59:22,89,380,Relax
14:59:23,90,375,Relax
14:59:23,88,378,Relax
14:59:24,87,376,Relax
14:59:25,86,385,Relax
14:59:26,86,387,Relax
14:59:26,90,370,Relax
14:59:26,94,373,Relax
14:59:27,96,368,Relax
14:59:28,95,371,Relax
14:59:28,93,374,Relax
14:59:29,93,381,Relax
14:59:30,93,388,Relax
14:59:30,94,378,Relax
14:59:31,95,384,Relax
14:59:32,93,389,Relax
14:59:33,89,391,Relax
14:59:33,84,394,Relax
14:59:34,84,387,Relax
14:59:35,84,391,Relax
14:59:35,85,379,Relax
14:59:36,84,377,Relax
14:59:37,84,371,Relax
14:59:38,82,381,Relax
14:59:38,82,380,Relax
14:59:39,83,382,Relax
14:59:40,83,370,Relax
14:59:41,83,360,Relax
14:59:41,81,370,Relax
14:59:42,79,364,Relax
14:59:43,78,372,Relax
14:59:44,79,368,Relax
14:59:44,80,371,Relax
14:59:45,81,367,Relax
14:59:46,81,361,Relax
14:59:47,80,364,Relax
14:59:47,81,360,Relax
14:59:48,81,364,Relax
14:59:49,82,356,Relax
14:59:49,85,360,Relax
14:59:50,85,363,Relax
14:59:51,85,353,Relax
14:59:51,84,358,Relax
14:59:52,84,361,Relax
14:59:53,85,352,Relax
14:59:53,86,346,Relax
14:59:54,86,357,Relax
14:59:55,87,344,Relax
14:59:55,88,340,Relax
14:59:56,90,338,Relax
14:59:57,91,346,Relax
14:59:57,91,349,Relax
14:59:58,91,354,Relax
14:59:59,92,361,Relax
14:59:59,93,350,Relax
15:00:00,92,365,Relax
15:00:01,92,360,Relax
15:00:01,92,359,Relax
15:00:02,91,363,Relax
15:00:03,90,358,Relax
15:00:03,90,364,Relax
15:00:04,90,354,Relax
15:00:05,91,348,Relax
15:00:05,92,357,Relax
15:00:06,92,343,Relax
15:00:06,96,339,Relax
15:00:06,103,347,Relax
15:00:07,103,347,Relax
15:00:08,103,349,Relax
15:00:08,102,359,Relax
15:00:09,103,344,Relax
15:00:10,105,346,Relax
15:00:10,105,348,Relax
15:00:11,106,353,Relax
15:00:11,106,352,Relax
15:00:12,101,350,Relax
15:00:13,95,344,Relax
15:00:13,95,336,Relax
15:00:14,96,349,Relax
15:00:14,101,339,Angry
15:00:15,108,339,Angry
15:00:15,108,331,Angry
15:00:16,109,320,Angry
15:00:16,109,320,Angry
15:00:17,110,323,Angry
15:00:17,112,331,Angry
15:00:18,114,332,Angry
15:00:19,115,333,Angry
15:00:19,115,319,Angry
15:00:20,116,320,Angry
15:00:20,116,333,Angry
15:00:20,114,337,Angry
15:00:21,113,331,Angry
15:00:22,111,328,Angry
15:00:22,110,321,Angry
15:00:23,110,325,Angry
15:00:23,110,331,Angry
15:00:24,111,339,Angry
15:00:25,110,337,Angry
15:00:25,105,334,Angry
15:00:26,100,333,Angry
15:00:26,104,328,Angry
15:00:26,111,342,Angry
15:00:27,113,347,Angry
15:00:28,114,365,Angry
15:00:28,120,352,Angry
15:00:28,128,359,Angry
15:00:29,127,364,Angry
15:00:29,125,366,Angry
15:00:30,122,361,Angry
15:00:31,122,351,Angry
15:00:31,115,353,Angry
15:00:32,109,348,Angry
15:00:32,114,351,Angry
15:00:32,121,359,Angry
15:00:33,115,367,Angry
15:00:33,113,355,Angry
15:00:34,122,362,Angry
15:00:34,125,357,Angry
15:00:35,124,353,Angry
15:00:36,121,361,Angry
15:00:36,119,365,Angry
15:00:37,115,367,Angry
15:00:38,109,372,Angry
15:00:38,106,366,Angry
15:00:38,112,380,Angry
15:00:39,107,372,Angry
15:00:40,101,383,Angry
15:00:40,100,365,Angry
15:00:41,101,380,Angry
15:00:41,103,406,Angry
15:00:42,105,447,Angry
15:00:43,106,409,Angry
15:00:43,105,412,Angry
15:00:44,100,419,Angry
15:00:45,93,456,Angry
15:00:45,93,507,Angry
15:00:46,92,500,Angry
15:00:47,92,505,Angry
15:00:47,96,492,Angry
15:00:47,102,501,Angry
15:00:48,102,499,Angry
15:00:49,103,502,Relax
15:00:49,109,489,Relax
15:00:49,118,503,Relax
15:00:50,120,504,Relax
15:00:50,122,506,Relax
15:00:51,121,508,Relax
15:00:52,116,495,Relax
15:00:53,104,506,Relax
15:00:54,95,507,Relax
15:00:54,94,510,Relax
15:00:55,94,502,Relax
15:00:56,90,513,Relax
15:00:56,85,501,Relax
15:00:57,85,506,Relax
15:00:57,84,503,Relax
15:00:58,84,503,Relax
15:00:59,84,507,Relax
15:01:00,87,515,Relax
15:01:00,89,516,Relax
15:01:01,88,507,Relax
15:01:02,87,509,Relax
15:01:02,86,509,Relax
15:01:03,84,504,Relax
15:01:04,83,518,Relax
15:01:05,83,509,Relax
15:01:05,84,505,Relax
15:01:06,84,512,Relax
15:01:07,82,510,Relax
15:01:08,80,508,Relax
15:01:09,79,514,Relax
15:01:09,79,520,Relax
15:01:10,80,508,Relax
15:01:11,80,511,Relax
15:01:11,81,512,Relax
15:01:12,80,513,Relax
15:01:13,80,519,Relax
15:01:14,80,507,Relax
15:01:14,82,515,Relax
15:01:15,84,514,Relax
15:01:16,86,916,Relax
15:01:16,85,518,Relax
15:01:17,84,516,Relax
15:01:18,83,519,Relax
15:01:19,84,520,Relax
15:01:19,85,525,Relax
15:01:20,86,518,Relax
15:01:20,86,513,Relax
15:01:21,85,517,Relax
15:01:22,83,513,Relax
15:01:23,82,509,Relax
15:01:24,82,520,Relax
15:01:24,83,523,Relax
15:01:25,84,523,Relax
15:01:26,84,528,Relax
15:01:26,82,526,Relax
15:01:27,80,527,Relax
15:01:28,79,531,Relax
15:01:29,79,530,Relax
15:01:29,81,514,Relax
15:01:30,81,525,Relax
15:01:31,81,522,Relax
15:01:32,80,523,Relax
15:01:33,78,517,Relax
15:01:33,78,523,Relax
15:01:34,78,522,Relax
15:01:35,80,522,Relax
15:01:35,82,527,Relax
15:01:36,82,524,Relax
15:01:37,81,525,Relax
15:01:38,80,522,Relax
15:01:38,79,526,Relax
15:01:39,79,524,Relax
15:01:40,80,527,Relax
15:01:41,81,527,Relax
15:01:41,81,530,Relax
15:01:42,81,522,Relax
15:01:43,80,521,Relax
15:01:44,79,526,Relax
15:01:44,80,524,Relax
15:01:45,81,522,Relax
15:01:46,83,522,Relax
15:01:46,83,517,Relax
15:01:47,83,517,Relax
15:01:48,82,514,Relax
15:01:49,82,513,Relax
15:01:49,83,518,Relax
15:01:50,84,518,Relax
15:01:51,84,517,Relax
15:01:51,83,522,Relax
15:01:52,82,521,Relax
15:01:53,82,522,Relax
15:01:54,83,523,Relax
15:01:54,84,523,Relax
15:01:55,85,526,Relax
15:01:56,84,527,Relax
15:01:57,83,523,Relax
15:01:57,82,524,Relax
15:01:58,82,526,Relax
15:01:59,83,467,Relax
15:01:59,84,526,Relax
15:02:00,84,525,Relax
15:02:01,83,529,Relax
15:02:01,83,521,Relax
15:02:02,82,523,Relax
15:02:03,82,526,Relax
15:02:04,83,531,Relax
15:02:04,84,527,Relax
15:02:05,84,523,Relax
15:02:06,84,527,Relax
15:02:07,83,525,Relax
15:02:07,84,457,Relax
15:02:08,85,515,Relax
15:02:08,86,510,Relax
15:02:09,87,520,Relax
15:02:10,84,487,Relax
15:02:11,83,519,Relax
15:02:12,83,452,Relax
15:02:12,84,456,Relax
15:02:13,87,499,Relax
15:02:13,93,515,Relax
15:02:14,92,523,Relax
15:02:14,91,471,Relax
15:02:15,90,481,Relax
15:02:16,90,519,Relax
15:02:17,92,516,Relax
15:02:17,93,522,Relax
15:02:18,92,514,Relax
15:02:19,92,513,Relax
15:02:19,88,526,Relax
15:02:20,84,516,Relax
15:02:21,86,522,Relax
15:02:21,87,514,Relax
15:02:22,88,504,Relax
15:02:23,83,502,Relax
15:02:24,81,491,Relax
15:02:25,80,495,Relax
15:02:26,79,476,Relax
15:02:26,81,483,Relax
15:02:29,229,501,Relax
15:02:30,213,503,Relax
15:02:30,210,448,Relax
15:02:30,204,494,Relax
15:02:31,200,497,Relax
15:02:31,195,507,Relax
15:02:31,196,502,Relax
15:02:32,184,507,Relax
15:02:33,160,500,Relax
15:02:33,141,506,Relax
15:02:34,126,512,Relax
15:02:35,118,508,Relax
15:02:36,110,506,Relax
15:02:36,104,507,Relax
15:02:37,98,506,Relax
15:02:38,93,507,Relax
15:02:38,86,506,Relax
15:02:39,81,517,Relax
15:02:40,81,509,Relax
15:02:41,82,517,Relax
15:02:41,83,506,Relax
15:02:42,84,514,Relax
15:02:43,84,513,Relax
15:02:43,83,515,Relax
15:02:44,82,513,Relax
15:02:45,82,510,Relax
15:02:46,82,514,Relax
15:02:46,84,508,Relax
15:02:47,86,509,Relax
15:02:48,86,509,Relax
15:02:48,85,505,Relax
15:02:49,85,508,Relax
15:02:50,85,505,Relax
15:02:50,85,506,Relax
15:02:51,85,507,Relax
15:02:52,86,512,Relax
15:02:52,86,512,Relax
15:02:53,85,512,Relax
15:02:54,84,510,Relax
15:02:55,83,507,Relax
15:02:55,84,513,Relax
15:02:56,85,503,Relax
15:02:56,90,491,Relax
15:02:57,96,505,Relax
15:02:57,96,506,Relax
15:02:58,95,506,Relax
15:02:59,94,504,Relax
15:03:00,94,503,Relax
15:03:00,94,506,Relax
15:03:01,96,508,Relax
15:03:02,96,506,Relax
15:03:02,95,503,Relax
15:03:03,91,490,Relax
15:03:04,85,489,Relax
15:03:04,86,496,Relax
15:03:05,87,486,Relax
15:03:06,90,494,Relax
15:03:06,92,493,Relax
15:03:07,94,499,Relax
15:03:07,99,485,Relax
15:03:07,106,497,Relax
15:03:08,108,502,Relax
15:03:08,115,480,Relax
15:03:08,123,500,Relax
15:03:09,121,492,Relax
15:03:10,118,489,Relax
15:03:11,116,476,Relax
15:03:11,114,488,Relax
15:03:12,116,476,Relax
15:03:12,118,488,Relax
15:03:13,111,498,Relax
15:03:13,109,497,Relax
15:03:14,102,491,Relax
15:03:15,96,494,Relax
15:03:15,96,494,Relax
15:03:16,98,495,Relax
15:03:17,98,489,Relax
15:03:17,98,484,Relax
15:03:18,94,490,Relax
15:03:19,88,483,Relax
15:03:20,86,486,Relax
15:03:20,85,486,Relax
15:03:21,86,492,Relax
15:03:22,87,495,Relax
15:03:22,87,498,Relax
15:03:23,86,497,Relax
15:03:24,85,497,Relax
15:03:25,84,500,Relax
15:03:25,84,486,Relax
15:03:26,85,489,Relax
15:03:27,87,494,Relax
15:03:27,87,497,Relax
15:03:28,87,485,Relax
15:03:29,86,489,Relax
15:03:29,86,492,Relax
15:03:30,87,493,Relax
15:03:31,88,492,Relax
15:03:31,89,480,Relax
15:03:32,87,486,Relax
15:03:33,86,488,Relax
15:03:34,86,480,Relax
15:03:34,84,487,Relax
15:03:35,84,496,Relax
15:03:36,85,491,Relax
15:03:36,86,483,Relax
15:03:37,86,492,Relax
15:03:37,86,483,Relax
15:03:38,86,489,Relax
15:03:39,87,489,Relax
15:03:40,89,424,Relax
15:03:40,89,479,Relax
15:03:41,92,477,Relax
15:03:41,93,477,Relax
15:03:42,93,476,Relax
15:03:43,93,479,Relax
15:03:43,92,486,Relax
15:03:44,92,480,Relax
15:03:45,92,485,Relax
15:03:45,93,495,Relax
15:03:46,93,489,Relax
15:03:47,93,489,Relax
15:03:47,92,487,Relax
15:03:48,90,496,Relax
15:03:49,89,496,Relax
15:03:49,89,500,Relax
15:03:50,89,491,Relax
15:03:51,89,497,Relax
15:03:51,88,495,Relax
15:03:52,88,499,Relax
15:03:53,87,499,Relax
15:03:54,87,504,Relax
15:03:54,86,499,Relax
15:03:55,86,498,Relax
15:03:56,84,499,Relax
15:03:57,83,506,Relax
15:03:57,82,505,Relax
15:03:58,82,503,Relax
15:03:59,81,504,Relax
15:03:59,81,503,Relax
15:04:00,81,507,Relax
15:04:01,81,505,Relax
15:04:02,81,501,Relax
15:04:02,82,497,Relax
15:04:03,83,490,Relax
15:04:04,83,495,Relax
15:04:05,82,499,Relax
15:04:05,83,505,Relax
15:04:06,84,488,Relax
15:04:07,84,487,Relax
15:04:07,84,480,Relax
15:04:08,85,475,Relax
15:04:09,85,487,Relax
15:04:09,85,479,Relax
15:04:10,85,494,Relax
15:04:11,86,489,Relax
15:04:12,85,491,Relax
15:04:12,85,490,Relax
15:04:13,84,483,Relax
15:04:14,84,487,Relax
15:04:14,84,485,Relax
15:04:15,84,487,Relax
15:04:16,84,489,Relax
15:04:16,83,486,Relax
15:04:17,84,481,Relax
15:04:18,85,475,Relax
15:04:19,86,482,Relax
15:04:19,86,481,Relax
15:04:20,85,489,Relax
15:04:21,84,487,Relax
15:04:22,83,482,Relax
15:04:22,83,489,Relax
15:04:23,84,486,Relax
15:04:24,84,485,Relax
15:04:24,83,481,Relax
15:04:25,82,475,Relax
15:04:26,81,482,Relax
15:04:27,81,489,Relax
15:04:27,83,488,Relax
15:04:28,84,480,Relax
15:04:29,84,486,Relax
15:04:29,83,478,Relax
15:04:30,82,475,Relax
15:04:31,82,470,Relax
15:04:32,82,467,Relax
15:04:32,83,463,Relax
15:04:33,84,465,Relax
15:04:34,83,469,Relax
15:04:35,82,477,Relax
15:04:35,82,472,Relax
15:04:36,82,462,Relax
15:04:37,83,467,Relax
15:04:37,84,460,Relax
15:04:38,84,461,Relax
15:04:39,83,455,Relax
15:04:40,83,451,Relax
15:04:40,82,450,Relax
15:04:41,83,457,Relax
15:04:42,84,462,Relax
15:04:42,84,453,Relax
15:04:43,84,448,Relax
15:04:44,83,457,Relax
15:04:45,83,461,Relax
15:04:45,83,465,Relax
15:04:46,84,461,Relax
15:04:47,85,459,Relax
15:04:47,85,460,Relax
15:04:48,84,462,Relax
15:04:49,84,459,Relax
15:04:49,85,466,Relax
15:04:50,85,467,Relax
15:04:51,85,467,Relax
15:04:52,84,466,Relax
15:04:52,82,464,Relax
15:04:53,82,468,Relax
15:04:54,82,459,Relax
15:04:55,82,462,Relax
15:04:55,82,461,Relax
15:04:56,81,463,Relax
15:04:57,81,464,Relax
15:04:57,81,465,Relax
15:04:58,81,467,Relax
15:04:59,82,473,Relax
15:05:00,83,468,Relax
15:05:00,82,468,Relax
15:05:01,83,468,Relax
15:05:02,83,470,Relax
15:05:02,84,461,Relax
15:05:03,85,470,Relax
15:05:04,85,473,Relax
15:05:05,85,918,Relax
15:05:05,85,468,Relax
15:05:06,85,474,Relax
15:05:07,85,470,Relax
15:05:07,86,464,Relax
15:05:08,85,470,Relax
15:05:09,85,471,Relax
15:05:09,84,468,Relax
15:05:10,84,474,Relax
15:05:11,83,473,Relax
15:05:12,83,473,Relax
15:05:12,83,472,Relax
15:05:13,83,469,Relax
15:05:14,82,479,Relax
15:05:15,81,477,Relax
15:05:15,81,480,Relax
15:05:16,81,478,Relax
15:05:17,81,475,Relax
15:05:17,84,463,Relax
15:05:18,89,465,Relax
15:05:18,90,480,Relax
15:05:19,90,478,Relax
15:05:20,90,479,Relax
15:05:21,90,475,Relax
15:05:21,90,475,Relax
15:05:22,88,477,Relax
15:05:23,89,470,Relax
15:05:24,89,474,Relax
15:05:24,87,478,Relax
15:05:25,83,477,Relax
15:05:26,82,478,Relax
15:05:26,81,473,Relax
15:05:27,81,471,Relax
15:05:28,82,466,Relax
15:05:29,83,474,Relax
15:05:29,84,473,Relax
15:05:30,84,472,Relax
15:05:31,83,469,Relax
15:05:31,82,457,Relax
15:05:32,83,438,Relax
15:05:33,84,424,Relax
15:05:33,85,418,Relax
15:05:34,85,417,Relax
15:05:35,84,412,Relax
15:05:36,81,416,Relax
15:05:37,80,411,Relax
15:05:37,80,413,Relax
15:05:38,80,409,Relax
15:05:39,82,407,Relax
15:05:40,80,409,Relax
15:05:40,79,414,Relax
15:05:41,79,419,Relax
15:05:42,80,418,Relax
15:05:42,80,413,Relax
15:05:43,82,420,Relax
15:05:44,83,420,Relax
15:05:45,84,421,Relax
15:05:45,83,422,Relax
15:05:46,82,424,Relax
15:05:47,83,428,Relax
15:05:48,82,422,Relax
15:05:48,81,423,Relax
15:05:49,81,413,Relax
15:05:50,81,421,Relax
15:05:51,81,425,Relax
15:05:51,81,425,Relax
15:05:52,81,425,Relax
15:05:53,80,424,Relax
15:05:53,81,428,Relax
15:05:54,81,432,Relax
15:05:55,81,433,Relax
15:05:56,81,429,Relax
15:05:56,80,428,Relax
15:05:57,80,432,Relax
15:05:58,80,429,Relax
15:05:59,81,431,Relax
15:05:59,82,441,Relax
15:06:00,83,415,Relax
15:06:01,82,426,Relax
15:06:01,83,436,Relax
15:06:02,84,449,Relax
15:06:03,86,464,Relax
15:06:03,88,457,Relax
15:06:04,89,471,Relax
15:06:05,89,455,Relax
15:06:05,89,461,Relax
15:06:06,89,465,Relax
15:06:07,90,461,Relax
15:06:07,96,454,Relax
15:06:07,103,463,Relax
15:06:08,103,464,Relax
15:06:08,105,455,Relax
15:06:09,105,458,Relax
15:06:10,106,454,Relax
15:06:10,106,453,Relax
15:06:11,106,462,Relax
15:06:12,107,449,Relax
15:06:12,106,457,Relax
15:06:13,100,458,Relax
15:06:14,93,454,Relax
15:06:14,97,451,Relax
15:06:14,101,457,Relax
15:06:15,99,460,Relax
15:06:16,98,463,Relax
15:06:16,98,455,Relax
15:06:17,99,458,Relax
15:06:18,98,461,Relax
15:06:18,97,463,Relax
15:06:19,97,463,Relax
15:06:20,97,451,Relax
15:06:20,93,463,Relax
15:06:21,88,467,Relax
15:06:22,87,464,Relax
15:06:23,86,463,Relax
15:06:23,85,440,Relax
15:06:24,85,447,Relax
15:06:25,85,455,Relax
15:06:25,86,445,Relax
15:06:26,86,444,Relax
15:06:27,84,440,Relax
15:06:28,82,447,Relax
15:06:28,81,452,Relax
15:06:29,81,453,Relax
15:06:30,81,447,Relax
15:06:31,79,452,Relax
15:06:32,77,456,Relax
15:06:33,76,456,Relax
15:06:33,75,455,Relax
15:06:34,75,458,Relax
15:06:35,76,459,Relax
15:06:36,76,454,Relax
15:06:37,74,460,Relax
15:06:37,73,456,Relax
15:06:38,74,455,Relax
15:06:39,75,457,Relax
15:06:40,75,462,Relax
15:06:41,74,465,Relax
15:06:41,73,460,Relax
15:06:42,73,462,Relax
15:06:43,73,462,Relax
15:06:44,75,459,Relax
15:06:44,76,436,Relax
15:06:45,75,434,Relax
15:06:46,75,444,Relax
15:06:47,74,444,Relax
15:06:48,76,457,Relax
15:06:48,77,457,Relax
15:06:49,78,458,Relax
15:06:50,78,447,Relax
15:06:51,77,462,Relax
15:06:51,77,460,Relax
15:06:52,78,453,Relax
15:06:53,81,447,Relax
15:06:53,82,917,Relax
15:06:54,82,450,Relax
15:06:55,81,446,Relax
15:06:56,81,443,Relax
15:06:56,81,446,Relax
15:06:57,82,442,Relax
15:06:58,80,434,Sad
15:06:59,82,438,Sad
15:07:00,72,447,Sad
15:07:02,67,452,Sad
15:07:02,66,454,Sad
15:07:03,67,453,Sad
15:07:04,67,453,Sad
15:07:05,67,454,Sad
15:07:05,67,450,Sad
15:07:06,68,445,Sad
15:07:07,68,441,Sad
15:07:08,66,423,Sad
15:07:08,73,420,Sad
15:07:09,80,403,Sad
15:07:10,81,399,Sad
15:07:10,83,393,Sad
15:07:11,85,385,Sad
15:07:12,85,381,Sad
15:07:13,83,386,Sad
15:07:13,82,384,Sad
15:07:14,84,386,Sad
15:07:15,85,377,Sad
15:07:15,85,379,Sad
15:07:16,85,375,Sad
15:07:17,83,379,Sad
15:07:18,81,381,Sad
15:07:18,80,379,Sad
15:07:19,79,384,Sad
15:07:20,80,356,Sad
15:07:21,79,375,Sad
15:07:22,75,362,Relax
15:07:23,75,372,Relax
15:07:25,64,372,Relax
15:07:26,60,347,Relax
15:07:27,59,348,Relax
15:07:28,58,345,Sad
15:07:29,59,339,Sad
15:07:29,62,341,Sad
15:07:29,65,344,Sad
15:07:30,67,353,Sad
15:07:30,71,356,Sad
15:07:31,71,355,Sad
15:07:32,84,351,Sad
15:07:33,91,338,Sad
15:07:33,96,335,Sad
15:07:34,99,330,Sad
15:07:35,97,323,Sad
15:07:35,92,317,Sad
15:07:36,86,322,Sad
15:07:37,84,332,Sad
15:07:37,86,335,Relax
15:07:38,90,339,Relax
15:07:38,89,345,Relax
15:07:39,90,346,Relax
15:07:40,91,322,Relax
15:07:40,93,334,Relax
15:07:41,93,327,Relax
15:07:42,94,317,Relax
15:07:42,95,321,Relax
15:07:43,96,332,Relax
15:07:44,91,333,Relax
15:07:45,87,335,Relax
15:07:45,88,347,Relax
15:07:46,88,344,Relax
15:07:47,87,344,Relax
15:07:47,86,343,Relax
15:07:48,84,337,Relax
15:07:49,83,340,Relax
15:07:50,83,346,Relax
15:07:50,84,336,Relax
15:07:51,84,326,Relax
15:07:52,84,332,Relax
15:07:52,83,336,Relax
15:07:53,82,341,Relax
15:07:54,83,342,Relax
15:07:55,83,341,Relax
15:07:55,83,333,Relax
15:07:56,83,335,Relax
15:07:57,83,337,Relax
15:07:57,84,340,Relax
15:07:58,84,340,Relax
15:07:59,83,336,Relax
15:07:59,87,328,Relax
15:08:00,92,333,Relax
15:08:01,91,343,Relax
15:08:01,91,345,Relax
15:08:02,90,345,Relax
15:08:03,91,339,Relax
15:08:03,90,342,Relax
15:08:04,89,343,Relax
15:08:05,89,341,Relax
15:08:05,90,329,Relax
15:08:06,91,314,Relax
15:08:06,92,326,Relax
15:08:07,93,332,Relax
15:08:08,92,340,Relax
15:08:08,91,346,Relax
15:08:09,91,336,Relax
15:08:10,92,341,Relax
15:08:11,92,332,Relax
15:08:11,92,331,Relax
15:08:12,91,330,Relax
15:08:13,86,344,Relax
15:08:13,84,332,Relax
15:08:14,90,345,Relax
15:08:14,91,343,Relax
15:08:15,92,347,Relax
15:08:16,92,352,Relax
15:08:16,91,341,Relax
15:08:17,90,332,Relax
15:08:18,91,339,Relax
15:08:19,92,344,Relax
15:08:19,93,338,Relax
15:08:20,89,346,Relax
15:08:21,84,346,Relax
15:08:21,84,339,Relax
15:08:22,84,345,Relax
15:08:23,84,339,Relax
15:08:23,85,339,Relax
15:08:24,85,342,Relax
15:08:25,85,345,Relax
15:08:26,85,338,Relax
15:08:26,85,344,Relax
15:08:27,85,345,Relax
15:08:28,86,345,Relax
15:08:28,85,338,Relax
15:08:29,85,345,Relax
15:08:30,85,347,Relax
15:08:30,86,348,Relax
15:08:31,86,350,Relax
15:08:32,86,349,Relax
15:08:33,86,348,Relax
15:08:33,86,346,Relax
15:08:34,85,342,Relax
15:08:35,85,354,Relax
15:08:36,84,349,Relax
15:08:36,84,349,Relax
15:08:37,84,346,Relax
15:08:38,83,349,Relax
15:08:38,84,348,Relax
15:08:39,85,347,Relax
15:08:40,85,331,Relax
15:08:40,85,325,Relax
15:08:41,85,329,Relax
15:08:42,86,332,Relax
15:08:42,90,320,Relax
15:08:42,96,337,Relax
15:08:43,96,333,Relax
15:08:44,95,334,Relax
15:08:45,95,334,Relax
15:08:45,99,319,Relax
15:08:45,106,326,Relax
15:08:46,107,327,Relax
15:08:47,109,327,Relax
15:08:47,110,333,Relax
15:08:48,106,334,Relax
15:08:48,99,337,Relax
15:08:49,99,334,Relax
15:08:50,99,337,Relax
15:08:51,98,334,Relax
15:08:51,93,332,Relax
15:08:52,87,334,Relax
15:08:53,87,334,Relax
15:08:53,85,331,Relax
15:08:54,84,338,Relax
15:08:55,83,339,Relax
15:08:56,84,341,Relax
15:08:56,85,336,Relax
15:08:57,89,331,Relax
15:08:57,96,341,Relax
15:08:58,96,339,Relax
15:08:58,96,334,Relax
15:08:59,94,335,Relax
15:09:00,95,341,Relax
15:09:00,97,345,Relax
15:09:01,97,333,Relax
15:09:02,96,333,Relax
15:09:03,94,343,Relax
15:09:03,89,340,Relax
15:09:04,84,340,Relax
15:09:05,84,339,Relax
15:09:05,84,344,Relax
15:09:06,85,345,Relax
15:09:07,84,349,Relax
15:09:08,83,342,Relax
15:09:08,83,337,Relax
15:09:09,83,344,Relax
15:09:10,84,339,Relax
15:09:10,84,344,Relax
15:09:11,85,351,Relax
15:09:12,85,345,Relax
15:09:12,85,348,Relax
15:09:13,86,347,Relax
15:09:14,87,344,Relax
15:09:14,87,343,Relax
15:09:15,87,341,Relax
15:09:16,87,345,Relax
15:09:17,87,347,Relax
15:09:17,87,347,Relax
15:09:18,86,347,Relax
15:09:19,86,341,Relax
15:09:19,85,347,Relax
15:09:20,85,345,Relax
15:09:21,85,337,Relax
15:09:21,86,338,Relax
15:09:22,86,340,Relax
15:09:23,85,342,Relax
15:09:24,85,339,Relax
15:09:24,86,337,Relax
15:09:25,86,345,Relax
15:09:26,86,345,Relax
15:09:26,85,343,Relax
15:09:27,85,341,Relax
15:09:28,85,339,Relax
15:09:29,85,341,Relax
15:09:29,84,344,Relax
15:09:30,84,346,Relax
15:09:31,84,344,Relax
15:09:31,85,346,Relax
15:09:32,85,348,Relax
15:09:33,86,350,Relax
15:09:33,87,342,Relax
15:09:34,86,353,Relax
15:09:35,86,351,Relax
15:09:35,86,352,Relax
15:09:36,87,356,Relax
15:09:37,87,353,Relax
15:09:38,87,353,Relax
15:09:38,86,353,Relax
15:09:39,86,355,Relax
15:09:40,86,355,Relax
15:09:40,86,349,Relax
15:09:41,86,358,Relax
15:09:42,86,357,Relax
15:09:42,86,355,Relax
15:09:43,86,358,Relax
15:09:44,86,359,Relax
15:09:45,85,356,Relax
15:09:45,85,350,Relax
15:09:46,85,348,Relax
15:09:47,85,357,Relax
15:09:47,85,351,Relax
15:09:48,85,356,Relax
15:09:49,85,360,Relax
15:09:49,84,356,Relax
15:09:50,85,351,Relax
15:09:51,86,360,Relax
15:09:51,86,358,Relax
15:09:52,86,357,Relax
15:09:53,85,354,Relax
15:09:54,86,351,Relax
15:09:54,86,355,Relax
15:09:55,87,356,Relax
15:09:56,86,355,Relax
15:09:56,85,356,Relax
15:09:57,84,359,Relax
15:09:58,84,356,Relax
15:09:59,84,358,Relax
15:09:59,85,353,Relax
15:10:00,84,362,Relax
15:10:00,87,346,Relax
15:10:01,92,356,Relax
15:10:01,91,356,Relax
15:10:02,92,356,Relax
15:10:03,93,356,Relax
15:10:04,94,355,Relax
15:10:04,94,350,Relax
15:10:05,92,358,Relax
15:10:06,91,355,Relax
15:10:06,95,344,Relax
15:10:07,98,356,Relax
15:10:07,92,355,Relax
15:10:08,92,356,Relax
15:10:09,91,352,Relax
15:10:09,90,349,Relax
15:10:10,91,353,Relax
15:10:11,92,348,Relax
15:10:12,92,344,Relax
15:10:12,92,335,Relax
15:10:13,88,335,Relax
15:10:14,82,342,Relax
15:10:15,81,345,Relax
15:10:15,81,345,Relax
15:10:16,81,342,Relax
15:10:17,81,346,Relax
15:10:18,80,345,Relax
15:10:18,79,345,Relax
15:10:19,79,341,Relax
15:10:20,79,343,Relax
15:10:21,79,343,Relax
15:10:21,80,344,Relax
15:10:22,84,336,Relax
15:10:22,89,344,Relax
15:10:23,90,349,Relax
15:10:23,92,347,Relax
15:10:24,94,346,Relax
15:10:25,95,343,Relax
15:10:26,93,344,Relax
15:10:26,91,336,Relax
15:10:27,91,342,Relax
15:10:28,90,343,Relax
15:10:29,86,334,Relax
15:10:29,80,338,Relax
15:10:30,80,341,Relax
15:10:31,80,339,Relax
15:10:31,80,335,Relax
15:10:32,80,337,Relax
15:10:33,80,338,Relax
15:10:34,81,336,Relax
15:10:34,82,338,Relax
15:10:35,83,339,Relax
15:10:36,83,338,Relax
15:10:37,83,337,Relax
15:10:37,82,339,Relax
15:10:38,81,340,Relax
15:10:39,81,343,Relax
15:10:40,80,340,Relax
15:10:40,80,340,Relax
15:10:41,81,336,Relax
15:10:42,80,341,Relax
15:10:43,80,336,Relax
15:10:43,81,341,Relax
15:10:44,81,342,Relax
15:10:45,81,339,Relax
15:10:46,81,340,Relax
15:10:46,80,340,Relax
15:10:47,81,342,Relax
15:10:48,82,334,Relax
15:10:48,83,339,Relax
15:10:49,82,340,Relax
15:10:50,82,337,Relax
15:10:51,82,341,Relax
15:10:51,82,341,Relax
15:10:52,82,342,Relax
15:10:53,82,343,Relax
15:10:54,82,337,Relax
15:10:54,81,341,Relax
15:10:55,81,345,Relax
15:10:56,82,343,Relax
15:10:56,82,346,Relax
15:10:57,82,343,Relax
15:10:58,82,341,Relax
15:10:59,82,344,Relax
15:10:59,83,338,Relax
15:11:00,88,334,Relax
15:11:00,94,344,Relax
15:11:01,94,343,Relax
15:11:01,94,344,Relax
15:11:02,94,346,Relax
15:11:02,98,334,Relax
15:11:03,106,343,Relax
15:11:03,107,339,Relax
15:11:04,108,343,Relax
15:11:05,106,339,Relax
15:11:06,100,345,Relax
15:11:06,92,342,Relax
15:11:07,93,339,Relax
15:11:08,93,335,Relax
15:11:09,93,344,Relax
15:11:09,88,338,Relax
15:11:10,82,352,Relax
15:11:11,81,344,Relax
15:11:11,81,350,Relax
15:11:12,82,338,Relax
15:11:13,82,346,Relax
15:11:14,82,348,Relax
15:11:14,81,349,Relax
15:11:15,81,348,Relax
15:11:16,81,348,Relax
15:11:16,82,345,Relax
15:11:17,83,344,Relax
15:11:18,82,348,Relax
15:11:19,81,347,Relax
15:11:19,81,340,Relax
15:11:20,81,350,Relax
15:11:21,82,349,Relax
15:11:22,82,344,Relax
15:11:23,81,349,Relax
15:11:23,81,345,Relax
15:11:24,80,346,Relax
15:11:25,81,352,Relax
15:11:25,81,343,Relax
15:11:26,82,347,Relax
15:11:27,81,348,Relax
15:11:28,80,345,Relax
15:11:28,80,353,Relax
15:11:29,80,350,Relax
15:11:30,81,352,Relax
15:11:31,81,350,Relax
15:11:31,80,353,Relax
15:11:32,78,352,Relax
15:11:33,78,353,Relax
15:11:34,78,353,Relax
15:11:34,79,350,Relax
15:11:35,79,351,Relax
15:11:36,79,349,Relax
15:11:37,79,345,Relax
15:11:37,79,354,Relax
15:11:38,79,348,Relax
15:11:39,79,352,Relax
15:11:40,80,348,Relax
15:11:40,81,355,Relax
15:11:41,81,354,Relax
15:11:42,80,354,Relax
15:11:43,80,352,Relax
15:11:43,80,347,Relax
15:11:44,80,352,Relax
15:11:45,81,916,Relax
15:11:46,81,353,Relax
15:11:46,80,351,Relax
15:11:47,80,347,Relax
15:11:48,80,351,Relax
15:11:49,80,351,Relax
15:11:49,80,353,Relax
15:11:50,80,355,Relax
15:11:51,80,355,Relax
15:11:52,80,346,Relax
15:11:52,80,345,Relax
15:11:53,80,315,Relax
15:11:54,82,308,Relax
15:11:54,83,312,Relax
15:11:55,84,303,Relax
15:11:56,86,304,Relax
15:11:56,89,314,Relax
15:11:57,92,301,Relax
15:11:57,95,286,Relax
15:11:58,98,282,Relax
15:11:58,105,272,Relax
15:11:58,114,275,Relax
15:11:59,118,277,Relax
15:11:59,127,271,Relax
15:12:00,125,279,Relax
15:12:00,121,287,Relax
15:12:01,121,288,Relax
15:12:02,119,295,Relax
15:12:02,122,290,Relax
15:12:02,130,296,Relax
15:12:03,122,295,Relax
15:12:03,120,280,Relax
15:12:05,99,274,Relax
15:12:06,90,278,Relax
15:12:06,92,285,Relax
15:12:07,95,285,Relax
15:12:07,99,272,Relax
15:12:07,106,282,Relax
15:12:08,103,272,Relax
15:12:08,98,262,Relax
15:12:09,99,256,Relax
15:12:10,95,245,Relax
15:12:10,116,234,Relax
15:12:10,127,233,Relax
15:12:11,119,234,Relax
15:12:12,119,240,Relax
15:12:12,118,249,Relax
15:12:13,108,254,Relax
15:12:13,110,255,Relax
15:12:14,113,260,Relax
15:12:14,120,261,Relax
15:12:14,123,263,Relax
15:12:15,125,266,Relax
15:12:15,121,270,Relax
15:12:16,126,269,Relax
15:12:16,129,265,Relax
15:12:17,131,273,Relax
15:12:17,131,276,Relax
15:12:18,132,266,Relax
15:12:18,131,281,Relax
15:12:19,131,273,Relax
15:12:19,127,279,Relax
15:12:20,113,276,Relax
15:12:21,112,272,Relax
15:12:21,119,272,Relax
15:12:22,119,278,Relax
15:12:22,119,270,Relax
15:12:22,124,272,Relax
15:12:23,127,271,Relax
15:12:23,125,277,Relax
15:12:24,112,280,Relax
15:12:25,109,287,Relax
15:12:25,112,286,Relax
15:12:26,111,288,Relax
15:12:27,106,293,Relax
15:12:27,101,291,Relax
15:12:28,91,290,Relax
15:12:29,87,292,Relax
15:12:30,80,299,Relax
15:12:31,77,301,Relax
15:12:31,81,294,Relax
15:12:33,70,298,Relax
15:12:34,67,297,Relax
15:12:36,63,309,Relax
15:12:36,62,307,Relax
15:12:37,62,304,Relax
15:12:38,63,308,Relax
15:12:39,63,308,Relax
15:12:39,63,305,Relax
15:12:40,63,309,Relax
15:12:41,61,307,Relax
15:12:42,69,302,Relax
15:12:42,76,290,Relax
15:12:43,86,303,Relax
15:12:43,85,300,Relax
15:12:44,85,290,Relax
15:12:44,90,290,Relax
15:12:45,97,299,Relax
15:12:45,100,305,Relax
15:12:46,101,305,Relax
15:12:47,101,917,Relax
15:12:48,100,310,Relax
15:12:48,96,305,Relax
15:12:49,90,309,Relax
15:12:50,91,311,Relax
15:12:50,96,301,Relax
15:12:54,82,315,Relax
15:12:55,83,306,Relax
15:12:56,82,315,Relax
15:12:56,82,318,Relax
15:12:57,82,315,Relax
15:12:57,86,307,Relax
15:12:58,91,318,Relax
15:12:58,96,307,Relax
15:12:58,104,309,Relax
15:12:59,114,313,Relax
15:12:59,118,309,Relax
15:13:00,117,306,Relax
15:13:00,127,294,Relax
15:13:01,141,306,Relax
15:13:01,141,302,Relax
15:13:02,131,289,Relax
15:13:03,120,286,Relax
15:13:04,112,284,Relax
15:13:04,103,286,Relax
15:13:05,96,287,Relax
15:13:05,99,278,Relax
15:13:07,84,295,Relax
15:13:08,73,295,Relax
15:13:10,64,297,Relax
15:13:11,64,298,Relax
15:13:11,64,302,Relax
15:13:12,65,304,Relax
15:13:13,65,301,Relax
15:13:13,65,304,Relax
15:13:14,65,281,Relax
15:13:14,66,273,Relax
15:13:15,78,286,Relax
15:13:15,93,278,Relax
15:13:15,109,281,Relax
15:13:16,120,281,Relax
15:13:16,122,293,Relax
15:13:17,120,299,Relax
15:13:18,119,297,Relax
15:13:18,117,300,Relax
15:13:19,117,298,Relax
15:13:20,111,299,Relax
15:13:20,109,281,Relax
15:13:20,110,283,Relax
15:13:21,111,269,Relax
15:13:21,109,266,Relax
15:13:22,105,268,Relax
15:13:23,105,276,Relax
15:13:23,104,283,Relax
15:13:24,105,290,Relax
15:13:25,106,283,Relax
15:13:25,110,285,Relax
15:13:25,112,289,Relax
15:13:26,111,287,Relax
15:13:26,110,289,Relax
15:13:26,109,284,Relax
15:13:27,118,292,Relax
15:13:28,117,290,Relax
15:13:28,119,297,Relax
15:13:29,118,917,Relax
15:13:30,117,300,Relax
15:13:31,110,296,Relax
15:13:31,102,309,Relax
15:13:32,95,309,Relax
15:13:33,90,309,Relax
15:13:33,85,314,Relax
15:13:34,82,309,Relax
15:13:35,84,304,Relax
15:13:36,84,306,Relax
15:13:36,84,303,Relax
15:13:37,83,306,Relax
15:13:38,82,309,Relax
15:13:39,82,311,Relax
15:13:39,83,309,Relax
15:13:40,82,311,Relax
15:13:41,82,315,Relax
15:13:42,80,317,Relax
15:13:42,80,313,Relax
15:13:43,80,305,Relax
15:13:44,81,300,Relax
15:13:44,83,297,Relax
15:13:45,84,302,Relax
15:13:46,83,302,Relax
15:13:47,81,297,Relax
15:13:47,81,298,Relax
15:13:48,82,298,Relax
15:13:49,87,300,Relax
15:13:49,90,311,Relax
15:13:49,95,304,Relax
15:13:50,99,311,Relax
15:13:50,106,304,Relax
15:13:50,111,304,Relax
15:13:51,123,302,Relax
15:13:51,134,307,Relax
15:13:52,136,302,Relax
15:13:52,136,303,Relax
15:13:53,136,300,Relax
15:13:53,143,307,Relax
15:13:53,144,300,Relax
15:13:54,145,306,Relax
15:13:55,131,310,Relax
15:13:55,131,299,Happy
15:13:55,126,284,Happy
15:13:57,101,266,Happy
15:13:58,97,275,Happy
15:13:59,97,277,Happy
15:13:59,93,280,Happy
15:14:00,87,281,Happy
15:14:01,83,284,Happy
15:14:01,81,281,Happy
15:14:02,82,270,Happy
15:14:02,80,262,Happy
15:14:03,78,264,Happy
15:14:04,87,268,Happy
15:14:04,94,272,Happy
15:14:05,100,277,Happy
15:14:05,99,350,Happy
15:14:06,100,358,Happy
15:14:06,104,358,Relax
15:14:07,110,359,Relax
15:14:07,109,350,Relax
15:14:08,114,341,Relax
15:14:08,123,345,Relax
15:14:08,136,340,Relax
15:14:09,138,350,Relax
15:14:09,127,343,Relax
15:14:10,127,330,Happy
15:14:10,133,335,Happy
15:14:11,137,341,Happy
15:14:11,128,343,Happy
15:14:12,128,341,Happy
15:14:13,122,343,Happy
15:14:13,113,338,Happy
15:14:14,107,332,Happy
15:14:15,103,320,Happy
15:14:15,104,310,Happy
15:14:16,105,309,Happy
15:14:16,100,308,Happy
15:14:17,93,316,Happy
15:14:18,93,316,Happy
15:14:18,92,299,Happy
15:14:19,91,297,Relax
15:14:20,94,307,Relax
15:14:20,99,312,Relax
15:14:20,102,327,Relax
15:14:21,101,361,Relax
15:14:22,101,393,Relax
15:14:22,103,369,Relax
15:14:23,109,376,Relax
15:14:23,117,389,Relax
15:14:23,127,345,Relax
15:14:23,141,307,Relax
15:14:24,136,365,Relax
15:14:24,131,336,Relax
15:14:25,136,367,Relax
15:14:25,144,383,Relax
15:14:26,147,383,Relax
15:14:26,147,388,Relax
15:14:27,139,393,Relax
15:14:28,129,395,Relax
15:14:28,126,389,Relax
15:14:28,128,394,Relax
15:14:29,127,335,Relax
15:14:29,122,393,Relax
15:14:30,114,365,Relax
15:14:30,115,356,Relax
15:14:31,121,319,Relax
15:14:31,128,309,Relax
15:14:32,127,295,Happy
15:14:32,125,304,Happy
15:14:33,125,385,Happy
15:14:33,117,389,Happy
15:14:34,117,390,Happy
15:14:34,117,397,Happy
15:14:35,116,394,Happy
15:14:36,109,392,Happy
15:14:37,101,400,Happy
15:14:37,94,396,Happy
15:14:38,96,319,Relax
15:14:38,100,380,Relax
15:14:39,102,384,Relax
15:14:39,107,394,Relax
15:14:39,108,398,Relax
15:14:40,108,396,Relax
15:14:41,108,406,Relax
15:14:42,107,410,Relax
15:14:42,107,403,Relax
15:14:43,108,400,Relax
15:14:44,104,406,Relax
15:14:44,99,399,Relax
15:14:45,93,406,Relax
15:14:46,86,404,Relax
15:14:47,83,407,Relax
15:14:47,82,407,Relax
15:14:48,86,393,Relax
15:14:48,92,403,Relax
15:14:49,92,400,Relax
15:14:49,92,398,Relax
15:14:50,91,405,Relax
15:14:51,91,397,Relax
15:14:52,91,393,Relax
15:14:52,92,386,Relax
15:14:53,93,387,Relax
15:14:54,92,392,Relax
15:14:54,88,392,Relax
15:14:55,83,394,Relax
15:14:56,86,384,Relax
15:14:56,92,395,Relax
15:14:57,93,395,Relax
15:14:57,94,393,Relax
15:14:58,94,392,Relax
15:14:59,93,389,Relax
15:14:59,95,354,Relax
15:15:00,101,384,Relax
15:15:00,105,400,Relax
15:15:01,112,389,Relax
15:15:01,114,400,Relax
15:15:02,107,402,Relax
15:15:02,113,392,Relax
15:15:02,122,401,Relax
15:15:03,123,407,Relax
15:15:04,124,407,Relax
15:15:04,120,410,Relax
15:15:05,111,411,Relax
15:15:06,109,414,Relax
15:15:06,103,413,Relax
15:15:07,97,410,Relax
15:15:08,96,398,Relax
15:15:08,91,391,Relax
15:15:09,85,393,Relax
15:15:10,85,386,Relax
15:15:10,86,385,Relax
15:15:11,87,392,Relax
15:15:12,87,395,Relax
15:15:13,85,403,Relax
15:15:14,83,402,Relax
15:15:14,82,402,Relax
15:15:15,83,399,Relax
15:15:16,84,401,Relax
15:15:16,88,387,Relax
15:15:16,93,401,Relax
15:15:17,93,394,Relax
15:15:18,92,397,Relax
15:15:18,91,411,Relax
15:15:19,94,405,Relax
15:15:20,96,404,Relax
15:15:20,97,405,Relax
15:15:21,98,397,Relax
15:15:22,98,396,Relax
15:15:22,93,399,Relax
15:15:23,87,400,Relax
15:15:24,85,407,Relax
15:15:25,85,409,Relax
15:15:25,85,405,Relax
15:15:26,86,402,Relax
15:15:27,87,404,Relax
15:15:27,91,388,Relax
15:15:27,96,398,Relax
15:15:28,96,402,Relax
15:15:29,97,401,Relax
15:15:29,96,403,Relax
15:15:30,97,408,Relax
15:15:31,97,407,Relax
15:15:31,98,406,Relax
15:15:32,98,408,Relax
15:15:33,98,406,Relax
15:15:33,94,406,Relax
15:15:34,89,407,Relax
15:15:35,89,412,Relax
15:15:35,89,414,Relax
15:15:36,91,414,Relax
15:15:37,92,417,Relax
15:15:37,93,418,Relax
15:15:38,91,416,Relax
15:15:39,89,424,Relax
15:15:40,88,422,Relax
15:15:40,86,423,Relax
15:15:41,86,421,Relax
15:15:42,85,416,Relax
15:15:42,85,419,Relax
15:15:43,84,425,Relax
15:15:44,82,420,Relax
15:15:45,82,423,Relax
15:15:45,83,426,Relax
15:15:46,84,424,Relax
15:15:47,84,428,Relax
15:15:47,83,422,Relax
15:15:48,83,429,Relax
15:15:49,82,429,Relax
15:15:50,82,431,Relax
15:15:50,83,429,Relax
15:15:51,84,431,Relax
15:15:51,87,418,Relax
15:15:52,92,431,Relax
15:15:53,92,433,Relax
15:15:53,92,429,Relax
15:15:54,93,433,Relax
15:15:55,94,430,Relax
15:15:55,94,426,Relax
15:15:56,95,427,Relax
15:15:57,96,426,Relax
15:15:57,95,422,Relax
15:15:58,89,422,Relax
15:15:59,83,423,Relax
15:16:00,81,428,Relax
15:16:01,81,424,Relax
15:16:01,81,429,Relax
15:16:02,81,427,Relax
15:16:03,80,430,Relax
15:16:03,80,429,Relax
15:16:04,79,425,Relax
15:16:05,80,427,Relax
15:16:06,81,426,Relax
15:16:06,83,424,Relax
15:16:07,85,426,Relax
15:16:07,86,424,Relax
15:16:08,86,428,Relax
15:16:09,84,426,Relax
15:16:10,84,422,Relax
15:16:11,83,423,Relax
15:16:11,83,423,Relax
15:16:12,83,432,Relax
15:16:13,82,429,Relax
15:16:13,81,424,Relax
15:16:14,80,431,Relax
15:16:15,80,431,Relax
15:16:16,80,425,Relax
15:16:16,84,413,Relax
15:16:16,91,427,Relax
15:16:17,92,426,Relax
15:16:18,93,419,Relax
15:16:18,94,351,Relax
15:16:19,95,347,Relax
15:16:19,101,337,Relax
15:16:20,109,385,Relax
15:16:20,109,356,Relax
15:16:21,108,345,Relax
15:16:22,102,344,Relax
15:16:23,95,343,Relax
15:16:23,96,342,Relax
15:16:24,101,329,Relax
15:16:24,107,340,Relax
15:16:25,106,365,Relax
15:16:25,101,350,Relax
15:16:26,93,343,Relax
15:16:27,93,345,Relax
15:16:28,94,343,Relax
15:16:28,100,370,Relax
15:16:28,107,346,Relax
15:16:29,107,351,Relax
15:16:29,105,355,Relax
15:16:30,103,379,Relax
15:16:30,110,379,Relax
15:16:30,120,372,Relax
15:16:31,132,327,Relax
15:16:31,135,365,Relax
15:16:32,137,364,Relax
15:16:32,132,359,Relax
15:16:33,123,367,Relax
15:16:34,125,370,Relax
15:16:34,129,366,Relax
15:16:34,134,375,Relax
15:16:35,127,377,Relax
15:16:35,120,378,Relax
15:16:36,113,374,Relax
15:16:37,114,375,Relax
15:16:37,114,379,Relax
15:16:38,115,381,Relax
15:16:38,115,379,Relax
15:16:39,116,386,Relax
15:16:39,112,382,Relax
15:16:40,106,389,Relax
15:16:40,106,391,Relax
15:16:41,107,397,Relax
15:16:42,108,400,Relax
15:16:42,108,393,Relax
15:16:43,109,391,Relax
15:16:43,110,402,Relax
15:16:44,110,400,Relax
15:16:44,111,400,Relax
15:16:45,111,397,Relax
15:16:45,111,393,Relax
15:16:46,111,387,Relax
15:16:47,108,387,Relax
15:16:47,103,392,Relax
15:16:48,99,392,Relax
15:16:49,93,401,Relax
15:16:50,91,402,Relax
15:16:50,88,406,Relax
15:16:51,86,396,Relax
15:16:52,85,399,Relax
15:16:52,83,401,Relax
15:16:53,82,394,Relax
15:16:54,82,396,Relax
15:16:55,83,399,Relax
15:16:55,85,402,Relax
15:16:55,92,392,Relax
15:16:56,99,405,Relax
15:16:56,101,405,Relax
15:16:57,103,406,Relax
15:16:58,104,410,Relax
15:16:58,104,408,Relax
15:16:59,104,407,Relax
15:16:59,105,401,Relax
15:17:00,106,408,Relax
15:17:00,111,394,Relax
15:17:01,114,402,Relax
15:17:01,107,397,Relax
15:17:02,106,400,Relax
15:17:03,105,400,Relax
15:17:03,104,400,Relax
15:17:04,103,403,Relax
15:17:05,102,408,Relax
15:17:05,101,414,Relax
15:17:06,100,414,Relax
15:17:07,96,412,Relax
15:17:07,91,409,Relax
15:17:08,91,417,Relax
15:17:09,90,408,Relax
15:17:09,88,417,Relax
15:17:10,85,416,Relax
15:17:11,84,416,Relax
15:17:12,83,417,Relax
15:17:13,83,422,Relax
15:17:13,83,421,Relax
15:17:14,81,417,Relax
15:17:15,80,421,Relax
15:17:16,77,417,Relax
15:17:16,76,424,Relax
15:17:17,77,417,Relax
15:17:18,81,423,Relax
15:17:18,83,423,Relax
15:17:19,84,417,Relax
15:17:20,83,422,Relax
15:17:20,86,411,Relax
15:17:21,92,424,Relax
15:17:21,92,424,Relax
15:17:22,93,421,Relax
15:17:23,95,427,Relax
15:17:23,96,423,Relax
15:17:24,100,414,Relax
15:17:24,107,422,Relax
15:17:25,108,415,Relax
15:17:25,109,415,Relax
15:17:26,103,416,Relax
15:17:27,96,417,Relax
15:17:28,95,423,Relax
15:17:28,95,419,Relax
15:17:29,95,416,Relax
15:17:30,94,421,Relax
15:17:30,90,422,Relax
15:17:31,84,421,Relax
15:17:32,83,424,Relax
15:17:33,82,425,Relax
15:17:33,82,426,Relax
15:17:34,84,425,Relax
15:17:35,86,424,Relax
15:17:35,87,426,Relax
15:17:36,87,426,Relax
15:17:37,86,428,Relax
15:17:37,84,421,Relax
15:17:38,83,427,Relax
15:17:39,83,422,Relax
15:17:40,84,425,Relax
15:17:40,84,422,Relax
15:17:41,87,414,Relax
15:17:41,92,426,Relax
15:17:42,91,426,Relax
15:17:43,90,425,Relax
15:17:43,90,424,Relax
15:17:44,93,420,Relax
15:17:45,95,419,Relax
15:17:45,97,415,Relax
15:17:46,97,410,Relax
15:17:47,92,408,Relax
15:17:48,86,411,Relax
15:17:49,80,413,Relax
15:17:49,79,421,Relax
15:17:50,80,419,Relax
15:17:51,81,420,Relax
15:17:51,81,415,Relax
15:17:52,80,426,Relax
15:17:53,78,419,Relax
15:17:54,78,420,Relax
15:17:54,81,422,Relax
15:17:55,82,424,Relax
15:17:56,83,423,Relax
15:17:57,83,427,Relax
15:17:57,83,429,Relax
15:17:58,82,427,Relax
15:17:59,82,423,Relax
15:17:59,83,424,Relax
15:18:00,85,424,Relax
15:18:01,85,416,Relax
15:18:01,86,409,Relax
15:18:02,87,399,Relax
15:18:02,89,398,Relax
15:18:03,90,403,Relax
15:18:04,89,396,Relax
15:18:05,88,401,Relax
15:18:06,85,407,Relax
15:18:06,84,415,Relax
15:18:07,83,413,Relax
15:18:08,83,416,Relax
15:18:08,82,417,Relax
15:18:09,81,410,Relax
15:18:10,80,416,Relax
15:18:11,80,415,Relax
15:18:11,81,420,Relax
15:18:12,81,416,Relax
15:18:13,83,423,Relax
15:18:13,84,423,Relax
15:18:14,83,423,Relax
15:18:15,82,427,Relax
15:18:16,82,424,Relax
15:18:16,83,420,Relax
15:18:17,84,433,Relax
15:18:18,84,429,Relax
15:18:18,84,437,Relax
15:18:19,83,432,Relax
15:18:20,82,438,Relax
15:18:21,82,429,Relax
15:18:21,84,418,Relax
15:18:22,84,401,Relax
15:18:23,84,390,Relax
15:18:23,87,396,Relax
15:18:24,89,368,Relax
15:18:24,90,405,Relax
15:18:25,94,406,Relax
15:18:25,103,410,Relax
15:18:26,108,415,Relax
15:18:26,116,416,Relax
15:18:26,126,425,Relax
15:18:27,131,421,Relax
15:18:27,142,421,Relax
15:18:27,149,414,Relax
15:18:28,160,397,Happy
15:18:28,173,415,Happy
15:18:28,181,413,Happy
15:18:28,181,412,Happy
15:18:29,196,376,Happy
15:18:29,200,414,Happy
15:18:29,196,412,Happy
15:18:29,218,409,Happy
15:18:30,215,401,Happy
15:18:30,215,404,Happy
15:18:31,177,413,Happy
15:18:31,167,345,Happy
15:18:32,161,341,Happy
15:18:32,157,356,Happy
15:18:32,157,351,Happy
15:18:34,121,364,Happy
15:18:35,110,484,Happy
15:18:35,105,489,Happy
15:18:35,107,444,Happy
15:18:36,105,491,Happy
15:18:36,113,491,Happy
15:18:37,115,496,Happy
15:18:37,116,497,Happy
15:18:37,117,518,Happy
15:18:38,112,518,Happy
15:18:38,141,471,Happy
15:18:38,161,474,Happy
15:18:39,154,498,Happy
15:18:40,147,452,Happy
15:18:40,148,455,Happy
15:18:40,155,426,Happy
15:18:40,157,432,Happy
15:18:41,162,445,Happy
15:18:41,161,419,Happy
15:18:41,171,402,Happy
15:18:43,126,515,Happy
15:18:44,110,513,Happy
15:18:44,113,520,Happy
15:18:45,113,518,Happy
15:18:45,110,516,Happy
15:18:46,104,519,Happy
15:18:47,97,521,Happy
15:18:47,90,521,Happy
15:18:48,85,515,Happy
15:18:49,81,517,Happy
15:18:49,96,524,Relax
15:18:50,95,528,Relax
15:18:51,93,522,Relax
15:18:51,90,529,Relax
15:18:52,89,530,Relax
15:18:53,88,522,Relax
15:18:53,89,526,Relax
15:18:54,88,527,Relax
15:18:55,88,529,Relax
15:18:55,90,529,Relax
15:18:56,91,535,Relax
15:18:56,97,502,Happy
15:18:57,102,535,Happy
15:18:57,110,528,Happy
15:18:57,119,524,Happy
15:18:57,128,524,Happy
15:18:58,143,519,Happy
15:18:59,135,520,Happy
15:18:59,136,411,Happy
15:19:00,136,406,Happy
15:19:00,129,409,Happy
15:19:01,138,407,Happy
15:19:01,142,416,Happy
15:19:05,120,406,Happy
15:19:08,238,403,Happy
15:19:08,238,410,Happy
15:19:09,218,410,Happy
15:19:09,199,498,Happy
15:19:10,182,505,Happy
15:19:10,178,505,Happy
15:19:10,178,502,Happy
15:19:11,159,503,Happy
15:19:12,142,508,Happy
15:19:12,129,497,Happy
15:19:13,125,490,Happy
15:19:13,125,493,Happy
15:19:13,128,491,Happy
15:19:13,136,495,Happy
15:19:14,132,489,Happy
15:19:15,125,486,Happy
15:19:15,117,491,Happy
15:19:16,120,492,Happy
15:19:16,129,493,Happy
15:19:16,142,501,Happy
15:19:17,136,502,Happy
15:19:18,123,500,Happy
15:19:19,111,502,Happy
15:19:19,101,500,Happy
15:19:20,100,505,Happy
15:19:21,97,506,Happy
15:19:22,94,504,Happy
15:19:23,87,505,Happy
15:19:24,79,473,Relax
15:19:24,75,506,Relax
15:19:29,88,511,Relax
15:19:29,89,521,Relax
15:19:30,90,518,Relax
15:19:30,90,517,Relax
15:19:31,89,513,Relax
15:19:32,87,504,Relax
15:19:33,86,497,Relax
15:19:34,85,496,Relax
15:19:34,85,499,Relax
15:19:35,85,505,Relax
15:19:36,85,501,Relax
15:19:36,84,503,Relax
15:19:37,83,503,Relax
15:19:38,81,503,Relax
15:19:38,82,502,Relax
15:19:39,84,500,Relax
15:19:40,85,497,Relax
15:19:40,85,501,Relax
15:19:41,84,494,Relax
15:19:42,82,496,Relax
15:19:43,81,486,Relax
15:19:44,81,495,Relax
15:19:44,81,495,Relax
15:19:45,81,494,Relax
15:19:46,79,494,Relax
15:19:47,77,499,Relax
15:19:48,75,496,Relax
15:19:49,74,496,Relax
15:19:49,75,487,Relax
15:19:50,76,496,Relax
15:19:51,77,495,Relax
15:19:51,77,497,Relax
15:19:52,73,492,Relax
15:19:53,71,464,Relax
15:19:54,72,427,Relax
15:19:55,73,431,Relax
15:19:56,76,425,Relax
15:19:56,76,488,Relax
15:19:57,75,428,Relax
15:19:58,75,418,Relax
15:19:59,75,423,Relax
15:19:59,76,477,Relax
15:20:00,82,469,Relax
15:20:00,90,456,Relax
15:20:00,98,465,Relax
15:20:01,97,471,Relax
15:20:02,95,478,Relax
15:20:03,96,483,Relax
15:20:03,99,478,Relax
15:20:04,99,487,Relax
15:20:05,98,485,Relax
15:20:05,97,427,Relax
15:20:06,95,421,Relax
15:20:07,91,423,Relax
15:20:07,85,421,Relax
15:20:08,90,423,Relax
15:20:08,96,458,Relax
15:20:09,96,440,Relax
15:20:10,94,434,Relax
15:20:10,94,428,Relax
15:20:11,94,435,Relax
15:20:11,99,426,Relax
15:20:12,107,436,Relax
15:20:12,106,434,Relax
15:20:13,105,436,Relax
15:20:14,97,449,Relax
15:20:15,89,433,Relax
15:20:16,87,431,Relax
15:20:16,87,437,Relax
15:20:17,88,438,Relax
15:20:18,87,436,Relax
15:20:19,83,441,Relax
15:20:19,76,442,Relax
15:20:20,75,435,Relax
15:20:21,75,439,Relax
15:20:22,77,437,Relax
15:20:22,79,440,Relax
15:20:23,81,441,Relax
15:20:24,80,437,Relax
15:20:25,80,440,Relax
15:20:25,79,442,Relax
15:20:26,80,441,Relax
15:20:27,81,442,Relax
15:20:28,82,441,Relax
15:20:28,82,444,Relax
15:20:29,81,442,Relax
15:20:30,81,442,Relax
15:20:30,81,435,Relax
15:20:31,82,441,Relax
15:20:32,82,444,Relax
15:20:33,82,443,Relax
15:20:33,81,449,Relax
15:20:34,81,432,Relax
15:20:35,81,437,Relax
15:20:36,82,442,Relax
15:20:36,83,439,Relax
15:20:37,83,443,Relax
15:20:38,82,439,Relax
15:20:38,82,439,Relax
15:20:39,83,445,Relax
15:20:40,84,443,Relax
15:20:41,85,448,Relax
15:20:41,85,446,Relax
15:20:42,85,443,Relax
15:20:43,84,444,Relax
15:20:43,84,441,Relax
15:20:44,85,448,Relax
15:20:45,85,449,Relax
15:20:46,85,449,Relax
15:20:46,84,446,Relax
15:20:47,84,449,Relax
15:20:48,84,447,Relax
15:20:48,85,449,Relax
15:20:49,86,454,Relax
15:20:50,86,450,Relax
15:20:50,85,452,Relax
15:20:51,84,450,Relax
15:20:52,84,450,Relax
15:20:53,84,445,Relax
15:20:53,85,452,Relax
15:20:54,86,450,Relax
15:20:55,86,444,Relax
15:20:55,86,432,Relax
15:20:56,86,444,Relax
15:20:56,88,415,Relax
15:20:57,88,408,Relax
15:20:58,84,443,Relax
15:20:59,83,407,Relax
15:21:00,83,435,Relax
15:21:00,83,404,Relax
15:21:01,83,388,Relax
15:21:02,85,443,Relax
15:21:02,85,452,Relax
15:21:03,86,445,Relax
15:21:03,88,384,Relax
15:21:04,94,385,Relax
15:21:04,106,457,Relax
15:21:04,117,455,Relax
15:21:05,125,457,Relax
15:21:05,128,460,Relax
15:21:05,134,451,Relax
15:21:06,146,447,Relax
15:21:06,150,371,Relax
15:21:07,162,362,Relax
15:21:07,171,371,Relax
15:21:07,172,365,Relax
15:21:07,181,372,Relax
15:21:08,167,373,Relax
15:21:08,158,374,Relax
15:21:09,167,373,Relax
15:21:09,174,385,Relax
15:21:10,159,382,Happy
15:21:10,164,378,Happy
15:21:10,166,382,Happy
15:21:10,164,375,Happy
15:21:11,164,373,Happy
15:21:11,161,374,Happy
15:21:12,163,370,Happy
15:21:12,173,367,Happy
15:21:12,176,371,Happy
15:21:12,171,375,Happy
15:21:13,189,373,Happy
15:21:13,184,376,Happy
15:21:14,171,348,Happy
15:21:14,170,350,Happy
15:21:14,170,356,Happy
15:21:14,174,356,Happy
15:21:16,143,363,Happy
15:21:16,129,365,Happy
15:21:20,140,369,Happy
15:21:21,130,353,Happy
15:21:21,129,343,Happy
15:21:22,129,337,Happy
15:21:22,121,312,Relax
15:21:23,121,318,Relax
15:21:23,120,327,Relax
15:21:24,123,334,Relax
15:21:24,128,349,Relax
15:21:24,126,352,Relax
15:21:25,124,344,Relax
15:21:25,130,348,Relax
15:21:26,127,344,Relax
15:21:27,112,348,Relax
15:21:28,108,346,Relax
15:21:29,101,348,Relax
15:21:29,97,348,Relax
15:21:30,93,353,Relax
15:21:31,89,356,Relax
15:21:31,88,359,Relax
15:21:32,86,358,Relax
15:21:32,84,359,Relax
15:21:34,79,368,Relax
15:21:35,80,372,Relax
15:21:35,81,367,Relax
15:21:36,82,362,Relax
15:21:36,85,352,Relax
15:21:37,90,366,Relax
15:21:37,89,365,Relax
15:21:38,90,359,Relax
15:21:38,94,363,Relax
15:21:39,91,372,Relax
15:21:40,93,372,Relax
15:21:41,96,370,Relax
15:21:41,98,371,Relax
15:21:42,97,375,Relax
15:21:43,88,380,Relax
15:21:44,80,374,Relax
15:21:45,78,387,Relax
15:21:45,78,372,Relax
15:21:46,78,379,Relax
15:21:46,82,383,Relax
15:21:47,85,382,Relax
15:21:48,86,382,Relax
15:21:49,81,381,Relax
15:21:50,79,387,Relax
15:21:51,80,388,Relax
15:21:51,83,391,Relax
15:21:52,85,390,Relax
15:21:53,83,386,Relax
15:21:53,79,386,Relax
15:21:54,78,382,Relax
15:21:54,80,375,Relax
15:21:55,82,387,Relax
15:21:56,84,388,Relax
15:21:57,85,383,Relax
15:21:57,87,387,Relax
15:21:58,87,391,Relax
15:21:59,87,395,Relax
15:22:00,86,396,Relax
15:22:01,80,394,Relax
15:22:02,78,391,Relax
15:22:02,74,394,Relax
15:22:03,75,384,Relax
15:22:03,81,396,Relax
15:22:04,83,395,Relax
15:22:05,85,395,Relax
15:22:05,84,399,Relax
15:22:06,80,398,Relax
15:22:07,79,397,Relax
15:22:08,83,401,Relax
15:22:09,85,400,Relax
15:22:09,87,400,Relax
15:22:10,85,404,Relax
15:22:11,76,402,Relax
15:22:12,73,406,Relax
15:22:13,70,406,Relax
15:22:14,71,414,Relax
15:22:15,73,408,Relax
15:22:15,75,407,Relax
15:22:16,75,405,Relax
15:22:17,73,409,Relax
15:22:18,70,404,Relax
15:22:19,68,410,Relax
15:22:20,71,409,Relax
15:22:20,73,411,Relax
15:22:21,75,405,Relax
15:22:22,76,414,Relax
15:22:22,76,411,Relax
15:22:23,75,403,Relax
15:22:24,74,408,Relax
15:22:25,74,408,Relax
15:22:26,77,411,Relax
15:22:26,79,417,Relax
15:22:27,79,416,Relax
15:22:28,78,408,Relax
15:22:29,77,389,Relax
15:22:29,80,402,Relax
15:22:29,85,411,Relax
15:22:30,86,404,Relax
15:22:31,89,405,Relax
15:22:31,92,403,Relax
15:22:32,94,384,Relax
15:22:32,96,369,Relax
15:22:33,97,359,Relax
15:22:34,94,362,Relax
15:22:35,93,360,Relax
15:22:36,90,351,Relax
15:22:36,86,345,Relax
15:22:37,86,338,Relax
15:22:38,85,331,Relax
15:22:38,84,331,Relax
15:22:39,86,326,Relax
15:22:39,91,338,Relax
15:22:40,92,346,Relax
15:22:40,99,339,Relax
15:22:41,108,333,Relax
15:22:41,116,344,Relax
15:22:42,116,345,Relax
15:22:42,114,336,Relax
15:22:43,114,286,Relax
15:22:43,121,277,Relax
15:22:44,126,282,Relax
15:22:44,116,289,Relax
15:22:45,118,295,Relax
15:22:45,123,284,Relax
15:22:45,125,289,Relax
15:22:46,115,297,Relax
15:22:47,114,293,Relax
15:22:47,119,285,Relax
15:22:48,129,298,Relax
15:22:48,132,287,Relax
15:22:48,128,293,Relax
15:22:49,128,297,Relax
15:22:49,132,281,Relax
15:22:50,135,284,Relax
15:22:50,125,286,Relax
15:22:51,132,274,Relax
15:22:51,147,287,Relax
15:22:52,137,287,Relax
15:22:52,129,283,Relax
15:22:53,128,285,Relax
15:22:53,127,289,Relax
15:22:53,138,284,Relax
15:22:54,140,291,Relax
15:22:54,129,296,Relax
15:22:55,127,298,Relax
15:22:56,119,295,Relax
15:22:57,107,295,Relax
15:22:57,106,298,Relax
15:22:58,104,290,Relax
15:22:58,104,292,Relax
15:22:59,103,302,Relax
15:22:59,96,304,Relax
15:23:00,91,299,Relax
15:23:01,89,304,Relax
15:23:02,88,302,Relax
15:23:02,92,294,Relax
15:23:02,101,304,Relax
15:23:03,103,306,Relax
15:23:04,104,295,Relax
15:23:04,104,295,Relax
15:23:05,102,304,Relax
15:23:05,100,303,Relax
15:23:06,101,300,Relax
15:23:07,102,304,Relax
15:23:08,102,308,Relax
15:23:08,97,309,Relax
15:23:09,89,311,Relax
15:23:10,89,307,Relax
15:23:11,87,312,Relax
15:23:11,82,323,Relax
15:23:12,81,329,Relax
15:23:13,82,335,Relax
15:23:13,81,335,Relax
15:23:14,81,329,Relax
15:23:15,81,339,Relax
15:23:16,81,336,Relax
15:23:16,83,338,Relax
15:23:17,83,333,Relax
15:23:18,83,327,Relax
15:23:18,83,331,Relax
15:23:19,82,325,Relax
15:23:20,83,327,Relax
15:23:21,84,332,Relax
15:23:21,85,337,Relax
15:23:22,85,338,Relax
15:23:23,84,332,Relax
15:23:23,84,331,Relax
15:23:24,84,323,Relax
15:23:25,85,318,Relax
15:23:26,85,324,Relax
15:23:26,84,320,Relax
15:23:27,84,315,Relax
15:23:27,87,313,Relax
15:23:28,92,325,Relax
15:23:28,93,322,Relax
15:23:29,93,324,Relax
15:23:30,97,318,Relax
15:23:30,104,327,Relax
15:23:31,103,330,Relax
15:23:31,103,331,Relax
15:23:32,104,723,Relax
15:23:33,104,338,Relax
15:23:33,100,334,Relax
15:23:34,95,331,Relax
15:23:35,93,332,Relax
15:23:36,93,330,Relax
15:23:36,89,331,Relax
15:23:37,84,333,Relax
15:23:38,85,330,Relax
15:23:38,87,336,Relax
15:23:39,87,337,Relax
15:23:40,88,339,Relax
15:23:40,89,336,Relax
15:23:41,90,324,Relax
15:23:41,92,330,Relax
15:23:42,94,332,Relax
15:23:43,96,331,Relax
15:23:43,96,333,Relax
15:23:44,95,331,Relax
15:23:45,94,318,Relax
15:23:45,92,325,Relax
15:23:46,94,321,Relax
15:23:46,100,337,Relax
15:23:47,97,333,Relax
15:23:48,97,331,Relax
15:23:48,101,322,Relax
15:23:48,107,330,Relax
15:23:49,108,329,Relax
15:23:49,114,326,Relax
15:23:49,126,339,Relax
15:23:50,132,337,Relax
15:23:51,128,334,Relax
15:23:51,125,322,Relax
15:23:52,126,328,Relax
15:23:52,133,322,Relax
15:23:56,95,342,Relax
15:23:57,99,337,Relax
15:23:57,104,343,Relax
15:23:57,111,339,Relax
15:23:58,119,337,Relax
15:23:58,127,338,Relax
15:23:58,138,338,Relax
15:23:59,139,343,Relax
15:23:59,134,342,Relax
15:24:00,132,341,Relax
15:24:01,139,335,Relax
15:24:01,142,338,Relax
15:24:02,132,342,Relax
15:24:02,127,331,Relax
15:24:02,126,340,Relax
15:24:03,114,345,Relax
15:24:04,110,334,Relax
15:24:04,117,341,Relax
15:24:04,118,348,Relax
15:24:05,125,337,Relax
15:24:05,129,346,Relax
15:24:06,120,343,Relax
15:24:06,129,333,Relax
15:24:06,134,342,Relax
15:24:07,124,346,Relax
15:24:08,126,344,Relax
15:24:09,117,342,Relax
15:24:09,105,350,Relax
15:24:10,103,350,Relax
15:24:11,98,353,Relax
15:24:12,92,353,Relax
15:24:12,95,344,Relax
15:24:12,97,353,Relax
15:24:13,90,358,Relax
15:24:14,90,354,Relax
15:24:14,89,352,Relax
15:24:15,89,351,Relax
15:24:16,91,349,Relax
15:24:17,92,348,Relax
15:24:17,93,346,Relax
15:24:18,94,350,Relax
15:24:19,91,350,Relax
15:24:19,86,341,Relax
15:24:20,86,315,Relax
15:24:21,87,301,Relax
15:24:21,88,302,Relax
15:24:22,89,316,Relax
15:24:22,93,307,Relax
15:24:23,101,319,Relax
15:24:23,101,323,Relax
15:24:24,101,321,Relax
15:24:25,101,321,Relax
15:24:25,100,317,Relax
15:24:26,99,322,Relax
15:24:27,96,328,Relax
15:24:28,95,324,Relax
15:24:28,95,324,Relax
15:24:29,92,322,Relax
15:24:29,90,324,Relax
15:24:30,96,330,Relax
15:24:30,95,332,Relax
15:24:31,96,325,Relax
15:24:32,96,332,Relax
15:24:32,96,328,Relax
15:24:33,97,328,Relax
15:24:34,99,326,Relax
15:24:34,100,325,Relax
15:24:35,101,331,Relax
15:24:36,97,331,Relax
15:24:36,91,328,Relax
15:24:37,90,325,Relax
15:24:38,89,327,Relax
15:24:38,89,333,Relax
15:24:39,90,334,Relax
15:24:40,90,328,Relax
15:24:40,91,331,Relax
15:24:41,92,328,Relax
15:24:41,92,327,Relax
15:24:42,93,325,Relax
15:24:43,93,330,Relax
15:24:43,95,323,Relax
15:24:43,101,322,Relax
15:24:44,104,331,Relax
15:24:45,105,333,Relax
15:24:45,105,333,Relax
15:24:46,110,321,Relax
15:24:46,116,328,Relax
15:24:47,112,328,Relax
15:24:47,109,328,Relax
15:24:48,107,333,Relax
15:24:49,106,320,Relax
15:24:49,106,318,Relax
15:24:50,105,333,Relax
15:24:50,112,319,Relax
15:24:50,118,327,Relax
15:24:51,111,322,Relax
15:24:51,109,318,Relax
15:24:52,120,328,Relax
15:24:52,120,332,Relax
15:24:53,121,333,Relax
15:24:54,125,323,Relax
15:24:54,126,330,Relax
15:24:55,121,328,Relax
15:24:55,117,322,Relax
15:24:55,119,326,Relax
15:24:56,117,331,Relax
15:24:57,110,321,Relax
15:24:58,102,309,Relax
15:24:58,103,305,Relax
15:24:59,104,302,Relax
15:25:00,100,300,Relax
15:25:00,93,322,Relax
15:25:01,92,311,Relax
15:25:02,87,306,Relax
15:25:03,81,360,Relax
15:25:03,82,380,Relax
15:25:04,82,337,Relax
15:25:05,83,345,Relax
15:25:05,86,318,Relax
15:25:05,91,324,Relax
15:25:06,91,329,Relax
15:25:07,91,356,Relax
15:25:08,92,323,Relax
15:25:08,93,362,Relax
15:25:09,94,334,Relax
15:25:10,94,341,Relax
15:25:11,93,335,Relax
15:25:11,94,363,Relax
15:25:12,94,383,Relax
15:25:12,92,342,Relax
15:25:13,92,332,Relax
15:25:13,92,324,Relax
15:25:14,91,336,Relax
15:25:15,95,379,Relax
15:25:15,102,392,Relax
15:25:16,102,393,Relax
15:25:16,103,394,Relax
15:25:17,101,398,Relax
15:25:18,97,391,Relax
15:25:18,93,396,Relax
15:25:19,92,393,Relax
15:25:20,91,400,Relax
15:25:21,91,400,Relax
15:25:21,88,369,Relax
15:25:22,83,344,Relax
15:25:23,84,348,Relax
15:25:23,84,384,Relax
15:25:24,83,394,Relax
15:25:25,82,392,Relax
15:25:26,81,397,Relax
15:25:26,81,395,Relax
15:25:27,83,391,Relax
15:25:28,84,387,Relax
15:25:29,84,393,Relax
15:25:29,83,391,Relax
15:25:30,83,384,Relax
15:25:31,82,391,Relax
15:25:31,83,385,Relax
15:25:32,83,385,Relax
15:25:33,83,378,Relax
15:25:33,85,327,Relax
15:25:34,90,330,Relax
15:25:34,91,331,Relax
15:25:35,96,318,Relax
15:25:35,101,349,Relax
15:25:36,100,375,Relax
15:25:37,101,364,Relax
15:25:37,102,299,Relax
15:25:38,104,337,Relax
15:25:38,109,353,Relax
15:25:39,113,333,Relax
15:25:40,104,380,Relax
15:25:40,105,349,Relax
15:25:40,105,380,Relax
15:25:41,99,364,Relax
15:25:42,101,312,Relax
15:25:42,102,347,Relax
15:25:43,103,364,Relax
15:25:44,105,376,Relax
15:25:44,101,381,Relax
15:25:45,100,371,Relax
15:25:45,108,897,Relax
15:25:46,102,384,Relax
15:25:47,95,377,Relax
15:25:47,97,360,Relax
15:25:48,101,354,Relax
15:25:48,104,331,Relax
15:25:49,105,384,Relax
15:25:49,104,387,Relax
15:25:50,103,383,Relax
15:25:51,96,377,Relax
15:25:52,90,392,Relax
15:25:52,92,390,Relax
15:25:53,93,391,Relax
15:25:54,92,373,Relax
15:25:54,92,383,Relax
15:25:54,95,394,Relax
15:25:55,93,400,Relax
15:25:56,92,395,Relax
15:25:57,91,392,Relax
15:25:57,93,400,Relax
15:25:58,95,394,Relax
15:25:59,96,390,Relax
15:25:59,96,388,Relax
15:26:00,94,391,Relax
15:26:01,93,385,Relax
15:26:01,92,398,Relax
15:26:01,98,388,Relax
15:26:02,104,392,Relax
15:26:02,113,387,Relax
15:26:02,122,363,Relax
15:26:03,133,388,Relax
15:26:03,136,400,Relax
15:26:03,150,392,Relax
15:26:04,167,400,Relax
15:26:04,156,396,Relax
15:26:05,142,402,Relax
15:26:06,129,402,Relax
15:26:07,122,438,Relax
15:26:07,115,433,Relax
15:26:08,106,434,Relax
15:26:09,99,429,Relax
15:26:09,96,425,Relax
15:26:10,90,419,Relax
15:26:11,85,419,Relax
15:26:11,86,408,Relax
15:26:12,90,411,Relax
15:26:12,96,399,Relax
15:26:13,96,422,Relax
15:26:14,94,420,Relax
15:26:14,98,410,Relax
15:26:14,105,381,Relax
15:26:15,103,407,Relax
15:26:16,104,410,Relax
15:26:17,104,428,Relax
15:26:17,104,420,Relax
15:26:18,99,424,Relax
15:26:19,93,429,Relax
15:26:19,93,431,Relax
15:26:20,94,427,Relax
15:26:21,92,428,Relax
15:26:21,87,433,Relax
15:26:22,90,433,Relax
15:26:22,94,422,Relax
15:26:22,100,433,Relax
15:26:23,99,434,Relax
15:26:24,99,436,Relax
15:26:25,99,432,Relax
15:26:25,98,445,Relax
15:26:26,98,431,Relax
15:26:26,101,425,Relax
15:26:27,106,437,Relax
15:26:28,105,438,Relax
15:26:28,99,435,Relax
15:26:29,93,432,Relax
15:26:30,92,437,Relax
15:26:30,92,433,Relax
15:26:31,90,433,Relax
15:26:32,88,437,Relax
15:26:33,89,399,Relax
15:26:34,84,435,Relax
15:26:34,79,435,Relax
15:26:35,78,436,Relax
15:26:36,78,430,Relax
15:26:37,76,435,Relax
15:26:38,75,401,Relax
15:26:39,75,431,Relax
15:26:39,75,432,Relax
15:26:40,75,433,Relax
15:26:41,74,429,Relax
15:26:41,76,404,Relax
15:26:42,80,386,Relax
15:26:42,85,426,Relax
15:26:43,90,427,Relax
15:26:43,92,431,Relax
15:26:44,93,432,Relax
15:26:45,98,420,Relax
15:26:45,106,429,Relax
15:26:46,106,426,Relax
15:26:47,107,435,Relax
15:26:47,103,422,Relax
15:26:48,96,430,Relax
15:26:49,89,426,Relax
15:26:50,84,432,Relax
15:26:50,83,426,Relax
15:26:51,84,429,Relax
15:26:52,81,429,Relax
15:26:53,76,429,Relax
15:26:54,77,431,Relax
15:26:54,77,432,Relax
15:26:55,78,432,Relax
15:26:56,79,413,Relax
15:26:56,84,392,Relax
15:26:56,90,426,Relax
15:26:57,97,388,Relax
15:26:57,103,397,Relax
15:26:58,105,383,Relax
15:26:58,109,370,Relax
15:26:59,104,367,Relax
15:27:00,103,365,Relax
15:27:01,102,375,Relax
15:27:02,100,374,Relax
15:27:02,95,375,Relax
15:27:03,89,369,Relax
15:27:04,83,382,Relax
15:27:04,81,394,Relax
15:27:05,84,425,Relax
15:27:05,85,424,Relax
15:27:06,88,428,Relax
15:27:07,88,425,Relax
15:27:08,89,406,Relax
15:27:08,93,424,Relax
15:27:08,100,421,Relax
15:27:09,100,411,Relax
15:27:10,100,383,Relax
15:27:11,95,407,Relax
15:27:11,88,431,Relax
15:27:12,87,426,Relax
15:27:13,87,412,Relax
15:27:14,87,435,Relax
15:27:14,86,434,Relax
15:27:15,82,434,Relax
15:27:16,78,434,Relax
15:27:16,82,393,Relax
15:27:17,87,418,Relax
15:27:17,88,431,Relax
15:27:18,89,435,Relax
15:27:19,93,425,Relax
15:27:19,101,433,Relax
15:27:19,102,433,Relax
15:27:20,105,424,Relax
15:27:21,106,431,Relax
15:27:22,107,436,Relax
15:27:22,102,430,Relax
15:27:23,98,416,Relax
15:27:23,100,379,Relax
15:27:24,101,417,Relax
15:27:25,97,417,Relax
15:27:25,92,415,Relax
15:27:26,92,389,Relax
15:27:27,89,425,Relax
15:27:28,88,432,Relax
15:27:28,87,429,Relax
15:27:29,87,431,Relax
15:27:30,87,404,Relax
15:27:30,85,424,Relax
15:27:31,84,399,Relax
15:27:32,83,395,Relax
15:27:32,86,411,Relax
15:27:33,90,411,Relax
15:27:33,92,428,Relax
15:27:34,93,437,Relax
15:27:35,93,430,Relax
15:27:35,93,429,Relax
15:27:36,92,430,Relax
15:27:37,92,434,Relax
15:27:38,93,428,Relax
15:27:38,91,436,Relax
15:27:39,85,431,Relax
15:27:40,81,396,Relax
15:27:41,80,396,Relax
15:27:42,80,427,Relax
15:27:42,79,434,Relax
15:27:43,79,432,Relax
15:27:44,79,426,Relax
15:27:44,79,437,Relax
15:27:45,79,425,Relax
15:27:46,81,407,Relax
15:27:47,82,406,Relax
15:27:47,86,402,Relax
15:27:47,91,411,Relax
15:27:48,91,422,Relax
15:27:49,95,418,Relax
15:27:49,101,397,Relax
15:27:50,102,410,Relax
15:27:50,107,381,Relax
15:27:50,115,392,Relax
15:27:51,113,411,Relax
15:27:52,112,432,Relax
15:27:53,104,429,Relax
15:27:54,96,427,Relax
15:27:54,101,412,Relax
15:27:54,103,408,Relax
15:27:55,98,412,Relax
15:27:55,103,420,Relax
15:27:56,104,434,Relax
15:27:57,95,434,Relax
15:27:57,97,413,Relax
15:27:58,102,387,Relax
15:27:58,111,383,Relax
15:27:59,115,379,Relax
15:27:59,113,373,Relax
15:28:00,111,356,Relax
15:28:00,120,368,Relax
15:28:01,114,388,Relax
15:28:01,108,404,Relax
15:28:02,110,408,Relax
15:28:03,110,427,Relax
15:28:03,105,420,Relax
15:28:04,102,418,Relax
15:28:04,107,408,Relax
15:28:05,114,415,Relax
15:28:05,107,411,Relax
15:28:06,94,413,Relax
15:28:07,89,415,Relax
15:28:08,87,420,Relax
15:28:09,86,416,Relax
15:28:10,86,419,Relax
15:28:11,84,415,Relax
15:28:11,81,419,Relax
15:28:12,77,419,Relax
15:28:13,72,419,Relax
15:28:14,72,420,Relax
15:28:14,75,424,Relax
15:28:15,76,427,Relax
15:28:16,76,429,Relax
15:28:17,76,420,Relax
15:28:18,76,416,Relax
15:28:18,76,428,Relax
15:28:19,76,423,Relax
15:28:20,76,430,Relax
15:28:21,75,431,Relax
15:28:22,75,432,Relax
15:28:22,75,432,Relax
15:28:23,76,433,Relax
15:28:24,76,432,Relax
15:28:25,75,421,Relax
15:28:25,77,421,Relax
15:28:26,82,421,Relax
15:28:26,84,421,Relax
15:28:27,89,421,Relax
15:28:27,95,422,Relax
15:28:28,94,423,Relax
15:28:29,94,424,Relax
15:28:29,94,424,Relax
15:28:30,96,426,Relax
15:28:31,97,427,Relax
15:28:31,100,424,Relax
15:28:32,99,903,Relax
15:28:33,97,427,Relax
15:28:33,92,428,Relax
15:28:34,87,428,Relax
15:28:35,88,427,Relax
15:28:36,87,427,Relax
15:28:36,86,428,Relax
15:28:37,86,430,Relax
15:28:38,86,431,Relax
15:28:39,84,433,Relax
15:28:39,80,432,Relax
15:28:40,81,426,Relax
15:28:41,81,427,Relax
15:28:41,81,427,Relax
15:28:42,82,429,Relax
15:28:43,82,430,Relax
15:28:44,83,432,Relax
15:28:44,83,436,Relax
15:28:45,82,430,Relax
15:28:46,82,428,Relax
15:28:46,82,429,Relax
15:28:47,82,431,Relax
15:28:48,81,433,Relax
15:28:49,82,434,Relax
15:28:49,82,435,Relax
15:28:50,82,435,Relax
15:28:51,82,434,Relax
15:28:52,82,431,Relax
15:28:52,82,432,Relax
15:28:53,82,434,Relax
15:28:54,82,438,Relax
15:28:55,81,440,Relax
15:28:55,81,439,Relax
15:28:56,80,441,Relax
15:28:57,81,444,Relax
15:28:57,81,448,Relax
15:28:58,82,445,Relax
15:28:59,82,849,Relax
15:29:00,82,757,Relax
15:29:00,81,441,Relax
15:29:01,81,444,Relax
15:29:02,83,444,Relax
15:29:02,84,447,Relax
15:29:03,85,446,Relax
15:29:04,84,444,Relax
15:29:05,84,440,Relax
15:29:05,86,441,Relax
15:29:05,92,443,Relax
15:29:06,94,449,Relax
15:29:07,95,446,Relax
15:29:07,96,448,Relax
15:29:08,96,447,Relax
15:29:09,96,445,Relax
15:29:09,97,446,Relax
15:29:10,100,445,Relax
15:29:10,106,444,Relax
15:29:10,110,445,Relax
15:29:11,104,441,Relax
15:29:12,107,441,Relax
15:29:12,108,441,Relax
15:29:13,106,445,Relax
15:29:14,106,445,Relax
15:29:14,104,452,Relax
15:29:15,103,447,Relax
15:29:16,101,433,Relax
15:29:17,95,425,Relax
15:29:17,92,425,Relax
15:29:17,97,426,Relax
15:29:18,95,434,Relax
15:29:19,94,437,Relax
15:29:19,96,439,Relax
15:29:20,95,439,Relax
15:29:21,95,439,Relax
15:29:21,95,437,Relax
15:29:22,96,443,Relax
15:29:23,97,439,Relax
15:29:23,93,441,Relax
15:29:24,87,447,Relax
15:29:25,86,441,Relax
15:29:25,86,436,Relax
15:29:26,86,432,Relax
15:29:27,87,433,Relax
15:29:28,87,429,Relax
15:29:28,86,433,Relax
15:29:29,85,437,Relax
15:29:30,85,439,Relax
15:29:30,86,436,Relax
15:29:31,85,435,Relax
15:29:32,85,434,Relax
15:29:33,84,437,Relax
15:29:33,83,437,Relax
15:29:34,83,434,Relax
15:29:35,84,432,Relax
15:29:35,85,429,Relax
15:29:36,86,423,Relax
15:29:37,87,417,Relax
15:29:37,88,414,Relax
15:29:38,92,411,Relax
15:29:38,100,409,Relax
15:29:38,102,404,Relax
15:29:40,97,408,Relax
15:29:40,93,411,Relax
15:29:41,91,413,Relax
15:29:45,139,409,Relax
15:29:47,100,420,Relax
15:29:48,87,414,Relax
15:29:49,82,415,Relax
15:29:50,80,411,Relax
15:29:50,77,414,Relax
15:29:51,74,416,Relax
15:29:52,72,420,Relax
15:29:53,70,422,Relax
15:29:53,68,423,Relax
15:29:54,66,424,Relax
15:29:55,77,419,Relax
15:29:55,83,422,Relax
15:29:56,86,423,Relax
15:29:57,86,425,Relax
15:29:57,87,427,Relax
15:29:58,87,431,Relax
15:29:59,88,426,Relax
15:29:59,88,427,Relax
15:30:00,88,427,Relax
15:30:01,89,429,Relax
15:30:01,90,430,Relax
15:30:02,91,431,Relax
15:30:03,91,432,Relax
15:30:03,91,432,Relax
15:30:04,90,430,Relax
15:30:05,89,429,Relax
15:30:05,88,428,Relax
15:30:06,89,429,Relax
15:30:07,89,430,Relax
15:30:07,90,432,Relax
15:30:08,90,434,Relax
15:30:09,89,434,Relax
15:30:10,86,434,Relax
15:30:10,86,433,Relax
15:30:11,86,435,Relax
15:30:12,88,433,Relax
15:30:12,88,430,Relax
15:30:13,87,431,Relax
15:30:14,85,434,Relax
15:30:15,83,435,Relax
15:30:15,84,435,Relax
15:30:16,85,435,Relax
15:30:16,86,436,Relax
15:30:17,87,436,Relax
15:30:18,86,434,Relax
15:30:19,83,431,Relax
15:30:19,83,429,Relax
15:30:20,83,429,Relax
15:30:21,84,431,Relax
15:30:22,85,431,Relax
15:30:22,85,431,Relax
15:30:23,84,431,Relax
15:30:24,81,430,Relax
15:30:25,79,427,Relax
15:30:26,78,429,Relax
15:30:26,78,429,Relax
15:30:27,77,430,Relax
15:30:28,76,430,Relax
15:30:29,75,431,Relax
15:30:30,73,431,Relax
15:30:31,72,432,Relax
15:30:31,71,432,Relax
15:30:32,72,432,Relax
15:30:33,74,431,Relax
15:30:33,77,427,Relax
15:30:34,82,420,Relax
15:30:34,88,416,Relax
15:30:35,92,405,Relax
15:30:35,95,395,Relax
15:30:36,98,388,Relax
15:30:37,96,382,Relax
15:30:37,98,385,Relax
15:30:38,99,384,Relax
15:30:39,98,389,Relax
15:30:40,95,388,Relax
15:30:40,90,392,Relax
15:30:41,85,397,Relax
15:30:42,84,399,Relax
15:30:42,83,400,Relax
15:30:43,84,400,Relax
15:30:43,92,400,Relax
15:30:44,98,401,Relax
15:30:44,99,399,Relax
15:30:45,101,400,Relax
15:30:45,109,402,Relax
15:30:45,117,405,Relax
15:30:46,120,411,Relax
15:30:46,125,410,Relax
15:30:47,128,410,Relax
15:30:48,129,408,Relax
15:30:48,129,402,Relax
15:30:48,131,398,Relax
15:30:49,132,397,Relax
15:30:49,133,399,Relax
15:30:50,128,403,Relax
15:30:50,126,405,Relax
15:30:50,134,403,Relax
15:30:51,133,395,Relax
15:30:52,133,394,Relax
15:30:52,133,398,Relax
15:30:53,128,402,Relax
15:30:53,121,411,Relax
15:30:53,127,916,Angry
15:30:54,123,412,Angry
15:30:55,123,414,Angry
15:30:55,119,415,Angry
15:30:56,113,415,Angry
15:30:56,113,419,Angry
15:30:57,114,418,Angry
15:30:57,114,415,Angry
15:30:58,113,406,Angry
15:30:58,113,405,Angry
15:30:59,108,405,Angry
15:30:59,118,408,Angry
15:31:00,124,411,Angry
15:31:00,122,413,Angry
15:31:01,119,413,Angry
15:31:01,117,415,Angry
15:31:02,116,420,Angry
15:31:03,114,411,Angry
15:31:03,113,411,Angry
15:31:04,111,418,Angry
15:31:04,110,418,Angry
15:31:05,104,421,Angry
15:31:06,98,422,Angry
15:31:06,97,418,Angry
15:31:07,97,416,Angry
15:31:07,98,421,Angry
15:31:08,102,421,Angry
15:31:08,109,423,Angry
15:31:09,110,428,Angry
15:31:09,110,427,Angry
15:31:10,111,430,Angry
15:31:10,111,431,Angry
15:31:11,112,434,Angry
15:31:12,113,433,Angry
15:31:12,113,434,Angry
15:31:13,113,434,Angry
15:31:13,108,436,Angry
15:31:14,102,436,Angry
15:31:14,103,438,Angry
15:31:15,103,438,Angry
15:31:16,103,437,Angry
15:31:16,107,432,Angry
15:31:16,114,430,Angry
15:31:17,116,429,Angry
15:31:17,117,429,Angry
15:31:18,117,429,Angry
15:31:18,116,426,Angry
15:31:19,116,426,Angry
15:31:20,117,427,Angry
15:31:20,119,424,Angry
15:31:21,119,416,Angry
15:31:21,113,414,Angry
15:31:22,106,419,Angry
